Subject,Name,Biographical Information,Philosophical School,Major Works,Core Teachings,Key Contributions,Significance,Relationship to Other Traditions,Error
Adi Shankara (Śaṅkara) - the 8th century philosopher and theologian who consolidated Advaita Vedanta philosophy,Adi Shankara (Śaṅkara),"Adi Shankara (Śaṅkara) was an Indian philosopher and theologian, widely accepted to have been born around 700 CE in Kalady village, Kerala, India, and to have died around 750 CE, traditionally at Kedarnath. He flourished in the 8th century CE, a period of significant political and religious flux in India. This era saw the decline of non-theistic traditions like Buddhism and Jainism in many regions. Shankara's life was marked by his travels across the Indian subcontinent, where he engaged in philosophical debates with scholars of various schools, most famously with the Mimamsa philosopher Mandana Mishra. His work was instrumental in the revival and consolidation of the orthodox Brahmanical tradition, providing a powerful intellectual foundation for Hinduism.",Advaita Vedanta (Non-dualism),"Shankara's most significant literary contributions are his commentaries (*bhashya*) on the foundational texts of Vedanta, collectively known as the *Prasthanatraya*:
*   ***Brahma-sutra-bhashya***: His masterpiece and most authoritative work, a detailed commentary on the *Brahma-sutras* of Vyasa, which forms the central text of the Advaita school.
*   **Commentaries on the Principal Upanishads**: He wrote commentaries on the major Upanishads (e.g., *Isha*, *Kena*, *Katha*, *Mundaka*, *Mandukya*, *Taittiriya*, *Aitareya*, *Chandogya*, *Brihadaranyaka*), elucidating their non-dualistic meaning.
*   **Commentary on the *Bhagavadgita***: His commentary on the *Gita* interprets the text from the perspective of *Jnana Yoga* (the path of knowledge) as the supreme means to liberation.
In addition to his commentaries, his non-commentative works (*Prakarana Granthas*) are also highly influential, notably the ***Upadeshasahasri*** (*A Thousand Teachings*), which is considered a reliable introduction to his philosophy. Over 300 works, including devotional hymns (*Stotras*) like *Bhaja Govindam*, are traditionally attributed to him.","The core of Shankara's philosophy is the absolute non-dualism of reality, encapsulated in the following concepts:
*   **Brahman:** The ultimate, eternal, and unchanging reality, which is pure consciousness (*Sat-Chit-Ananda* - Existence, Consciousness, Bliss). It is the only truth.
*   **Atman:** The individual self, which is fundamentally identical to Brahman. The famous Upanishadic dictum, *Tat Tvam Asi* (""Thou art That""), is the central tenet, meaning the individual soul is not separate from the ultimate reality.
*   **Maya:** The cosmic illusion or power of Brahman that makes the one reality appear as a diverse, pluralistic world of names and forms. The world is considered *mithya* (neither real nor unreal) from the ultimate perspective, but empirically real for the transactional world.
*   **Moksha (Liberation):** The final release from the cycle of rebirth (*samsara*) is achieved solely through the direct, intuitive knowledge (*Jnana*) of the identity of Atman and Brahman. Rituals (*Karma*) and devotion (*Bhakti*) are seen as preparatory steps, but *Jnana* is the only direct means to liberation.
*   **Jivanmukta:** The state of being liberated while still alive, having realized the truth of non-duality.","Shankara's key contributions fundamentally reshaped Hindu philosophy and religious practice:
*   **Systematization of Advaita Vedanta:** He consolidated the scattered non-dualistic teachings of the Upanishads into a coherent and rigorous philosophical system, establishing Advaita as the most influential school of Vedanta.
*   **Establishment of Monastic Orders:** He founded four major *mathas* (monasteries) at Sringeri (South), Puri (East), Dwaraka (West), and Badrinatha (North). These centers, along with the *Dashanami Sampradaya* (Order of Ten Names) of *sannyasins* (renunciates), provided an organizational structure for the propagation and preservation of Advaita Vedanta across India.
*   **Unification of Worship:** He introduced the *Panchayatana Puja*, a system of worshiping five principal deities (Shiva, Vishnu, Devi, Surya, and Ganesha) equally. This non-sectarian approach helped to unify the diverse devotional traditions of Hinduism under a single philosophical umbrella.
*   **Revival of Orthodox Hinduism:** His intellectual prowess and extensive travels helped to successfully counter the influence of non-Vedic schools and contributed significantly to the resurgence of orthodox Brahmanical thought.","Adi Shankara's historical importance is immense, as his work is considered one of the most significant factors in the development of the leading philosophy of India. His intellectual and organizational efforts led to a widespread resurgence of Vedic thought, effectively ending the dominance of non-Vedic traditions in many parts of the subcontinent. His philosophy of non-dualism has become a cornerstone of Hindu thought and has profoundly influenced modern Indian thinkers, including Swami Vivekananda and Mahatma Gandhi. Furthermore, his teachings have found resonance in Western philosophy and spirituality, influencing figures like Ralph Waldo Emerson and Arthur Schopenhauer, cementing his legacy as one of the world's most important philosophical figures.","Shankara's philosophy is defined by its relationship to other schools:
*   **Mimamsa School:** He famously debated the Mimamsa school, which emphasized the literal performance of Vedic rituals (*Karma Marga*) as the path to liberation. Shankara successfully argued that *Karma* is only a preparatory step, and only *Jnana* (knowledge) can lead to *Moksha*.
*   **Later Vedanta Schools:** His Advaita Vedanta became the benchmark against which all subsequent Vedanta schools defined themselves. The philosophies of **Ramanuja** (Vishishtadvaita, or Qualified Non-dualism) and **Madhva** (Dvaita, or Dualism) arose, in part, as theological and philosophical reactions to Shankara's absolute non-dualism.
*   **Buddhism:** Opponents sometimes labeled him a ""crypto-Buddhist"" because his concept of *Maya* (illusion) and the emphasis on monasticism seemed to echo certain Mahayana Buddhist ideas, particularly the concept of *sunyata* (emptiness). However, Shankara maintained the reality of *Brahman* and *Atman*, which is a fundamental departure from the Buddhist doctrine of *anatta* (no-self).",
Ramanuja (Rāmānuja) - the 11th-12th century philosopher and theologian who founded Vishishtadvaita (qualified non-dualism) Vedanta,Ramanuja (Rāmānuja),"Rāmānuja (c. 1017 – c. 1137 C.E.) was a South Indian Brahman theologian and philosopher, born in Śrīperumbūdur, near modern-day Chennai (Madras), in the Tamil-speaking region of India. He is traditionally said to have lived for 120 years, though some modern scholars place his life between 1077 and 1157 C.E. [1]. He was born into a family of Brahmins and was known for his prodigious intellect and liberal attitudes towards caste, notably his friendship with the Śūdra saint Kāñcīpūrṇa. His early education under the Advaita Vedānta scholar Yādavaprakāśa led to significant disagreements, which prompted Rāmānuja to develop his own systematic interpretation of the Vedānta [1]. He is considered the single most influential thinker of devotional Hinduism and a key figure in the Bhakti movement, which sought to make spiritual liberation accessible to all people [2].",Viśiṣṭādvaita Vedānta (Qualified Non-Dualism),"Rāmānuja is traditionally credited with nine works, all in Sanskrit, collectively known as the *Nava-ratnas* (Nine Gems). His most important philosophical works are:
*   ***Śrī Bhāṣya***: His magnum opus, a detailed and systematic commentary on the *Brahma Sūtras* of Bādarāyaṇa, which serves as the foundational text for the Viśiṣṭādvaita school [1].
*   ***Vedārthasaṅgraha***: A summary of the meaning of the Vedas, particularly the Upanishads, where he presents his core philosophical tenets and critiques other schools of thought [1].
*   ***Bhagavad Gītā Bhāṣya***: A commentary on the *Bhagavad Gītā*, where he interprets the text as a manual for *Bhakti Yoga* and emphasizes the importance of devotion and surrender to the personal God, Kṛṣṇa [3].
*   ***Gadya Traya***: Three prose hymns (*Śaraṇāgati Gadya*, *Śrīraṅga Gadya*, and *Vaikunṭḥa Gadya*) that are devotional in nature and are central to the practice of *Prapatti* (self-surrender) [1].
*   ***Vedāntadīpa*** and ***Vedāntasāra***: Shorter, more concise commentaries on the *Brahma Sūtras* [1].
*   ***Nityagrantha***: A manual for daily worship and rituals [1].","The core of Rāmānuja's philosophy is **Viśiṣṭādvaita** or **Qualified Non-Dualism**. This doctrine affirms the unity of Brahman while maintaining the reality and distinctness of individual souls (cit) and matter (acit) as attributes or modes of Brahman.
*   **Tattva-Traya (Three Realities):** Rāmānuja posits three eternal realities: **Īśvara** (God/Brahman, the controller), **Cit** (individual souls, the enjoyers), and **Acit** (matter, the enjoyed). All three are real, but Cit and Acit are inseparable attributes of Īśvara, who is identified with Viṣṇu/Nārāyaṇa.
*   **Sarira-Sariri Bhava (Body-Soul Relationship):** The relationship between Brahman and the universe (souls and matter) is likened to that of a soul and its body. The universe is the body of Brahman, which is the inner Self (Antaryāmin) controlling it. This means Brahman is the whole, and souls and matter are its parts, yet distinct.
*   **Bhakti and Prapatti:** Liberation (mokṣa) is achieved primarily through **Bhakti** (devotion) and **Prapatti** (self-surrender). Bhakti is a continuous, loving meditation on God, which is considered a form of knowledge (jñāna) [1]. Prapatti is the unconditional surrender to God's grace, which Rāmānuja made accessible to all castes and genders, democratizing the path to salvation [2].
*   **Epistemology:** Knowledge is gained through three valid means (pramāṇas): Perception (Pratyakṣa), Inference (Anumāna), and Scripture (Śabda) [1]. He strongly defends the intentionality of consciousness, arguing that consciousness is always consciousness *of* an object, thus affirming the reality of the world [1].","Rāmānuja's most significant contribution was providing a systematic, philosophical foundation for the **Bhakti movement** [2]. He synthesized the philosophical rigor of the Upanishads, Brahma Sūtras, and Bhagavad Gītā with the devotional fervor of the Tamil Ālvārs, creating a coherent theological system [3]. His major contributions include:
*   **Systematic Critique of Advaita:** He was the first to offer a comprehensive, systematic, and logical critique of Śaṅkara's Advaita Vedānta, challenging its core tenets like the concept of *Māyā* and the notion of an undifferentiated Brahman [1].
*   **Democratization of Mokṣa:** By emphasizing *Bhakti* and *Prapatti* as the primary means of liberation, he opened the path to salvation to all, regardless of caste or social standing, profoundly influencing popular Hindu practice [2].
*   **Theistic Interpretation of Vedānta:** He established a theistic interpretation of the Vedānta, identifying the ultimate reality (Brahman) as a personal God (Viṣṇu/Nārāyaṇa) endowed with infinite auspicious qualities (Kalyāṇa Guṇas), contrasting with the impersonal, quality-less (Nirguṇa) Brahman of Advaita [1].","Rāmānuja is one of the most important and influential figures in the history of Hindu philosophy and theology. His system of Viśiṣṭādvaita provided a philosophical and theological basis for the widespread Bhakti movement, transforming the religious landscape of India [2]. His emphasis on devotion and the accessibility of salvation had a profound and lasting impact on later devotional traditions, including those of the poets and saints of North India, such as Rāmānanda and Kabir [2]. The Śrī Vaiṣṇava tradition, which he formalized, remains one of the largest and most influential denominations of Hinduism today, with two major sub-schools, the Vadakalai (Northern) and Tenkalai (Southern), continuing to interpret his teachings [1]. His work is considered a masterpiece of Indian scholastic philosophy, demonstrating rigorous argumentation and a deep synthesis of scriptural and philosophical thought [1]. His teachings continue to be relevant today, providing a spiritual path centered on a personal relationship with God and promoting social equality through the doctrine of universal access to *mokṣa* [2].","Rāmānuja's philosophy is defined largely in opposition to **Adi Shankara's Advaita Vedānta** (Absolute Non-Dualism). He systematically challenged Advaita's doctrine of *Māyā* (illusion) and the concept of an undifferentiated Brahman, arguing that they were logically inconsistent and contradicted the testimony of the Vedas [1]. His early teacher, Yādavaprakāśa, was an Advaitin, and their disagreements were a major catalyst for Rāmānuja's development of Viśiṣṭādvaita. He also engaged in debates with other schools, including the **Bhedābheda** tradition and the realist schools of **Sāṃkhya** and **Nyāya-Vaiśeṣika**, defending the reality of a plurality of individuals and the personal nature of the Ultimate Reality [1] [4]. Viśiṣṭādvaita is one of the three major schools of Vedānta, alongside Advaita and **Madhvācārya's Dvaita** (Dualism), which came later and further emphasized the distinction between God and the soul [3].",
Madhvacharya (Madhva) - the 13th century philosopher and theologian who founded Dvaita (dualistic) Vedanta,Madhvacharya (Madhva),"Madhvacharya, also known as Purna Prajna and Ānanda Tīrtha, was a 13th-century Hindu philosopher and theologian. He was born as Vāsudeva in Pājaka, near Udupi on the west coast of Karnataka, India. His life dates are generally cited as either 1199–1278 CE or 1238–1317 CE. As a teenager, he became a Sanyasi (monk) and joined the Brahma-sampradaya under his guru Achyutapreksha. The 13th century in India was a period of intense philosophical debate, particularly among the various schools of Vedanta, and Madhvacharya emerged as a strong critic of the prevailing Advaita and Vishishtadvaita schools. He traveled extensively across India, engaging in philosophical debates and visiting centers of learning. He established the Krishna Mutt at Udupi in 1285 CE, which remains the central seat of the Dvaita tradition. In some of his works, he proclaimed himself to be an avatar of Vayu, the wind-god and son of Vishnu.","Dvaita (Dualistic) Vedanta, also known as Tattvavāda (""arguments from a realist viewpoint"").","Madhvacharya is credited with thirty-seven works in Sanskrit, collectively known as the *Sarvamūla Granthas*. His major works include commentaries on the *Prasthanatrayi* (the foundational texts of Vedanta):
*   ***Brahma Sutra Bhashya***: His commentary on the Brahma Sutras.
*   ***Anuvyakhyana***: Considered his greatest philosophical work, it is a supplement to his Brahma Sutra Bhashya, composed in a poetic style.
*   ***Gita Bhashya***: His commentary on the Bhagavad Gita.
*   ***Dashopanishad Bhashya***: Commentaries on the ten principal Upanishads.

Other significant works include:
*   ***Vishnu Tattva Nirnaya***: A treatise establishing the supremacy of Vishnu.
*   ***Anu Bhashya***: A concise summary of his Brahma Sutra commentary.
*   ***Dvadasha Stotra***: Twelve systematic hymns to Vishnu, which summarize his entire philosophy.","The core of Madhvacharya's philosophy, known as Dvaita (dualism) or Tattvavāda (realism), is the absolute and eternal distinction between God (Brahman/Vishnu) and the individual soul (jiva). He posited two orders of reality: **Svatantra** (Independent Reality), which is Brahman alone, and **Paratantra** (Dependent Reality), which includes jivas (souls) and jada (insentient matter). His most distinctive doctrine is the **Pancha Bheda** (Five-fold Difference), which asserts five eternal and real distinctions: 1) between God and the individual soul, 2) between God and matter, 3) between one individual soul and another, 4) between the individual soul and matter, and 5) between one form of matter and another. He maintained a realist epistemology, arguing that perception and inference are innately valid and that the world of plurality and difference presented by our daily experience is ultimately real, directly refuting the Advaita concept of *maya* (illusion). Liberation (*moksha*) is achieved only through the grace of God (Vishnu), and devotion (*bhakti*) is the essential means to attain this grace. He also taught a **Hierarchy of Souls**, where souls are inherently different from one another based on their innate nature, and *karma* is merely the mechanism that propels a soul towards its predestined end.","Madhvacharya's key contribution was the establishment of the Dvaita school of Vedanta, which provided a robust, theistic, and dualistic alternative to the monistic (Advaita) and qualified monistic (Vishishtadvaita) traditions. His insistence on the absolute transcendence and supremacy of Vishnu provided a strong philosophical foundation for the Vaishnava Bhakti movement in medieval India. He systematized the concept of *Pancha Bheda*, which became the cornerstone of Dvaita metaphysics. Furthermore, he established the **Krishna Mutt at Udupi** and the system of eight monasteries (*Ashta Mathas*), creating a lasting institutional structure for the propagation of his teachings. His extensive commentaries on the *Prasthanatrayi* (Upanishads, Brahma Sutras, and Bhagavad Gita) offered a unique dualistic interpretation that profoundly influenced later Hindu theology.","Madhvacharya is historically significant as the third major Acharya (teacher) of the Vedanta tradition, alongside Shankara and Ramanuja. His Dvaita school is one of the three most influential schools of Vedanta philosophy. His teachings revitalized theistic Hinduism and provided a strong intellectual and theological framework for the worship of Vishnu, significantly influencing the **Vaishnavism** tradition and the subsequent **Bhakti movement** in South and East India. The institutional structure he created, centered around the Udupi Krishna Mutt and its eight subsidiary monasteries, has ensured the continuity of the Dvaita tradition to the present day, maintaining its distinct identity and philosophical rigor.","Madhvacharya was a staunch critic of the two other major schools of Vedanta. He fundamentally disagreed with **Adi Shankara's Advaita Vedanta** (non-dualism), rejecting its core tenets of the identity of *atman* and *brahman* and the concept of *maya* (that the world is an illusion). Madhva argued that Advaita's philosophy undermined the supremacy of God (Vishnu) and stripped devotional acts of their meaning. He also rejected **Ramanuja's Vishishtadvaita Vedanta** (qualified non-dualism), arguing that any system that allows for even a qualified identification of the soul with Brahman compromises the absolute transcendence and independence of God. Madhva's philosophy is thus defined by its absolute dualism, standing in direct opposition to the monistic and qualified monistic views of his predecessors.",
Vallabhacharya (Vallabha) - the 15th-16th century philosopher who founded Shuddhadvaita (pure non-dualism) philosophy,Vallabhacharya (Vallabha),"Vallabha, also known as Vallabhācārya or Vallabha Dīkṣita, was born on May 7, 1478 CE, and died on July 7, 1530 CE, at the age of 52 in Vārāṇasī (now in Uttar Pradesh, India). He was born into a Telugu Brahmin family. His life was characterized by extensive travel throughout the Indian subcontinent, particularly the Braj (Vraja) region, for over 20 years. He emerged as one of the most important leaders of the devotional **Bhakti movement** of the 15th and 16th centuries. He promoted a householder lifestyle over asceticism, believing that salvation could be achieved through loving devotion to the deity Kr̥ṣṇa while living a normal life.",**Śuddhādvaita** (Pure Non-dualism) and the **Puṣṭimārga** (Path of Grace) sect of Vaishnavism.,"Vallabhacharya's literary output is extensive and forms the canonical basis of the Śuddhādvaita school. His major works include:
*   ***Aṇubhāṣya***: A partial commentary on the *Brahma Sūtras* (up to III.23), which is the primary philosophical text of Śuddhādvaita.
*   ***Subodhini***: A partial commentary on the *Bhāgavata Purāṇa*, which is central to the devotional and theological aspects of Puṣṭimārga.
*   ***Tattvārthadīpanibandha***: An essay that interprets existing Hindu scriptures through the lens of Śuddhādvaita philosophy.
*   ***Ṣoḍaśagrantha*** (Sixteen Treatises): A collection of sixteen short, instructional treatises that cover the essential facets of Śuddhādvaita and the theology of the Puṣṭimārga, such as the nature of devotion and the path of grace.","The core of Vallabhacharya's philosophy, **Śuddhādvaita**, is that the Supreme Reality, Brahman, is pure and non-dual, and is fully manifested as Kr̥ṣṇa. The world (*jagat*) is not an illusion (*Māyā*), but a real manifestation of Brahman, created to express His playful nature (*lila*). The world is real because it is a manifestation of the real.

His teachings are centered on the **Puṣṭimārga** (Path of Grace), which emphasizes:
1.  **Brahman as Kr̥ṣṇa**: Brahman is *sat-cit-ānanda* (existence, consciousness, and bliss), and when manifested completely, is Kr̥ṣṇa.
2.  **Rejection of Māyā**: Unlike Advaita Vedānta, Vallabha rejects the concept of *Māyā* as the cause of the world's appearance. The world is real, and the *jiva's* suffering (*saṃsāra*) is due to ignorance, which causes them to perceive the world as separate from Kr̥ṣṇa.
3.  **Puṣṭi Bhakti**: The path to salvation is through *puṣṭi* (divine grace or nourishment), which is the sole effective means to achieve devotion. This path is open to all, regardless of caste or gender.
4.  **Sevā**: The primary practice is *sevā* (selfless service) and *smaraṇa* (remembrance) of Kr̥ṣṇa, performed out of pure love. The householder's daily life is viewed as an ongoing *raslila* (divine play).
5.  **Three Kinds of Souls**: He describes three types of souls (*jivas*): *puṣṭi* (rely on grace), *maryāda* (rely on Vedic injunctions and effort), and *pravāha* (worldly, caught in the flow of *saṃsāra*).","Vallabhacharya's key contributions to Hindu philosophy and theology include:
1.  **Founding Śuddhādvaita**: Establishing the ""pure non-dualism"" school of Vedānta, which provided a theological foundation for the Bhakti movement by asserting the reality of the world and the non-dual nature of Brahman/Kr̥ṣṇa.
2.  **Establishing Puṣṭimārga**: Founding the Kr̥ṣṇa-centered devotional sect, Puṣṭimārga, which remains a major tradition, particularly in Gujarat and Rajasthan.
3.  **Theological Justification for Householder Life**: Promoting the householder lifestyle as a valid and superior path to salvation, directly challenging the ascetic emphasis of Advaita Vedānta.
4.  **Major Commentaries**: Authoring the *Aṇubhāṣya* on the *Brahma Sūtras* and the *Subodhini* on the *Bhāgavata Purāṇa*, which are foundational texts for the Śuddhādvaita tradition.
5.  **Institutional Worship**: Initiating the institutional worship of Śrī Nāthajī on Govardhana Hill, which became a central pilgrimage site for his followers.","Vallabhacharya's historical importance lies in his successful establishment of a distinct and influential school of Vedānta and a vibrant devotional tradition. The Puṣṭimārga sect he founded continues to be a major branch of Vaishnavism, with a large following, particularly in Western India (Gujarat and Rajasthan). His emphasis on *puṣṭi* (divine grace) and the householder's path made his teachings highly accessible and popular, ensuring his lasting influence on Hindu religious and philosophical thought. His works remain canonical texts for the study of Vedānta and Bhakti theology.","Vallabhacharya's philosophy of Śuddhādvaita was formulated in direct response to the **Advaita Vedānta** of **Adi Shankara**.
*   **Against Advaita Vedānta**: Vallabha rejected Shankara's concept of *Māyā* (illusion) and the ascetic path (*Maryādā Mārga* or Path of Limitations). He argued against the idea that the world is illusory, asserting that the world is a real, non-dual manifestation of Brahman. He won many philosophical scholarly debates against the followers of Advaita Vedānta.
*   **Relationship to Viṣṇusvāmin**: Vallabha is said to have developed the views of the earlier Vaishnava teacher **Viṣṇusvāmin** into the formal philosophy of Śuddhādvaita.
*   **Bhakti Movement**: He was a contemporary and leader within the broader **Bhakti movement**, focusing his devotion on Kr̥ṣṇa. His philosophy provided a distinct theological alternative to other Bhakti schools like the *Viśiṣṭādvaita* of Ramanuja.",
Nimbarka - the 13th century philosopher who founded Dvaitadvaita (dualistic non-dualism) philosophy,Nimbarka (Nimbarkacharya),"Nimbarka, also known as Nimbarkacharya, Nimbaditya, and Niyamananda, is a pivotal figure in the history of Vedanta and the Bhakti movement. His exact dates are a subject of scholarly debate, with estimates ranging from the 7th century CE to the 13th century CE. The traditional view, and the one often cited, places him in the 11th or 12th century CE, with some sources suggesting a lifespan of c. 1130–1200 CE [1] [2]. This places him in the post-Shankara and pre-Madhva period, a time of intense philosophical and theological development in India, particularly within the Vaishnava tradition.

He was born in Southern India into a Telugu Brahmin family. His birthplace is variously cited as Vaiduryapattnam on the banks of the Godavari in Andhra Pradesh, or Pratiṣṭḥāna (modern Paithan) in Maharashtra [2]. His parents are named as Aruna Muni and Jayanti Devi, or alternatively, Jagannath and Sarasvati [1] [2]. The traditional hagiography recounts that he was named Niyamananda at birth and received the name Nimbarka (meaning ""sun in the Neem tree"") after performing a miracle for a visiting Sannyasin (who was Brahma in disguise) [2]. He is traditionally regarded as the incarnation of Vishnu's weapon, the Sudarshana Chakra [1]. He spent a significant part of his life in Mathura and Vrindavan, which became the center of his devotional movement [1].",**Dvaitadvaita Vedanta** (Dualistic Non-dualism) or **Svābhāvika Bhedābheda** (Natural Difference-Non-difference). He is the founder of the **Nimbarka Sampradaya** (Kumara Sampradaya) [1].,"Nimbarka is credited with composing several key works, primarily commentaries on the foundational texts of Vedanta, known as the *Prasthana Trayi* (the three sources) [2]:

*   ***Vedānta Pārijāta Saurabha***: His commentary on the **Brahma Sūtras**. It is noted for its conciseness and is considered to represent an earlier style of commentary that preceded Shankara's *Bhashya* [1].
*   ***Vedānta Kamadhenu Daśaślokī***: A short work of ten verses that summarizes the essence of his Dvaitadvaita philosophy, emphasizing devotion [2].
*   **Commentary on the *Bhagavad Gītā***: Although the specific name is often not cited, he is known to have written a commentary on the *Bhagavad Gītā* [2].
*   ***Mantrarahasyaṣoḍaśī***: A work of 18 verses dedicated to the exposition of the revered 18-syllable Gopāla Mantra, central to the Nimbarka tradition [1].
*   ***Prapannakalpavallī***: A work explaining the *mukunda śaraṇāgati mantra* (mantra of surrender to Mukunda/Krishna) [1].
*   ***Sadachar Prakash***: A treatise focusing on *Karma Kanda* (the section of the Vedas dealing with rituals and duties) [2].","Nimbarka's core philosophy, **Dvaitadvaita** (dualistic non-dualism) or **Svābhāvika Bhedābheda** (natural difference-non-difference), posits a simultaneous and equally real relationship of difference (*dvaita*) and non-difference (*advaita*) between the three categories of existence: **Brahman** (God), **Cit** (conscious souls or *jīva*), and **Acit** (unconscious matter or *jagat*) [1].

*   **Brahman (God):** The ultimate reality is **Krishna**, accompanied by his consort **Radha**. Brahman is the Supreme Controller (efficient cause) and the material source (material cause) of the universe. He is flawless, possesses all auspicious qualities, and is the whole (*aṁśī*) [1].
*   **Cit (Jīva/Soul):** The individual soul (*jīva*) is a part (*aṁśa*) of Brahman, possessing inherent knowledge (*jñāna*). The soul is both knowledge and the knower, distinct from the body and mind. The *jīva* is dependent on Brahman and is subject to pleasure and pain [1].
*   **Acit (Jagat/Matter):** The material world is also a part of Brahman and is dependent on Him.

The relationship is one of **natural difference and non-difference** (*svābhāvika bhedābheda*). The *jīva* and *jagat* are different from Brahman because they have attributes and capacities distinct from the Supreme Being. They are non-different because they cannot exist independently of Brahman, who is their cause and support, much like a wave is both different from and non-different from the ocean [1].

The path to liberation is **Bhakti** (devotion) and **Prapatti** (surrender). The highest form of devotion is to the divine couple, Radha and Krishna, and the ultimate goal is to attain residence in their eternal abode [2]. The practice of *prapatti* (absolute surrender) to the Lord is considered the most effective means to liberation [2].","Nimbarka's primary contribution to Hindu philosophy is the systematic formulation of the **Dvaitadvaita** school of Vedanta, which offered a middle path between the absolute non-dualism of Advaita Vedanta (Shankara) and the qualified non-dualism of Vishishtadvaita (Ramanuja) [1].

His key contributions include:
1.  **Systematizing Bhedābheda:** He provided a robust philosophical framework for the ancient Bhedābheda doctrine, asserting the simultaneous reality of difference and non-difference as a natural state (*svābhāvika*) [1].
2.  **Elevating Radha-Krishna Worship:** He is credited with playing a major role in popularizing the worship of the divine couple **Radha and Krishna** as the supreme form of Brahman, a concept that became central to later Bhakti traditions, particularly in Vrindavan [1].
3.  **The Nimbarka Sampradaya:** He founded the **Nimbarka Sampradaya** (also known as the Kumara Sampradaya), one of the four major Vaishnava traditions, which continues to thrive today [1].
4.  **Prasthana Trayi Commentary:** His concise commentary on the *Brahma Sutras*, the *Vedānta Pārijāta Saurabha*, is considered an early and influential work that shaped subsequent Vaishnava interpretations of the foundational texts [1].","Nimbarka's historical significance lies in his role as a foundational *acharya* (teacher) of the Vaishnava tradition and a key figure in the development of the Bhakti movement [1].

*   **Influence on Bhakti:** His emphasis on the worship of **Radha-Krishna** was highly influential, providing a theological basis for the devotional practices that flourished in North India, particularly in the Braj region (Vrindavan and Mathura). The Nimbarka Sampradaya remains a major tradition centered on the worship of the divine couple [1].
*   **Philosophical Bridge:** Dvaitadvaita served as an important philosophical bridge, demonstrating that the Upanishadic texts could be interpreted to support a view that was neither purely monistic nor purely dualistic. This paved the way for other synthetic schools of Vedanta [1].
*   **Modern Relevance:** The Nimbarka Sampradaya is a living tradition with a significant following, especially in North India (Vrindavan, Rajasthan, Uttar Pradesh). Its teachings on *svābhāvika bhedābheda* and the path of *prapatti* (surrender) continue to be studied and practiced, maintaining the tradition's relevance in contemporary Hindu theology and spiritual life [2]. The school's emphasis on the *yugala-upāsanā* (worship of the divine couple) has had a lasting impact on Hindu art, music, and literature [1].","Nimbarka's philosophy is a synthesis and refinement of earlier Bhedābheda traditions, particularly distinguishing itself from other major schools of Vedanta [1] [2]:

*   **Relationship to Bhedābheda:** Nimbarka's Dvaitadvaita is a form of Bhedābheda, a doctrine that predates him, which holds that the world and the soul are both different and non-different from Brahman. He systematized this view, asserting that this dual relationship is **natural** (*svābhāvika*) and co-existent [1].
*   **Relationship to Shankara (Advaita):** Nimbarka's school stands in direct opposition to Shankara's **Kevala Advaita** (Absolute Non-dualism), which holds that Brahman alone is real and the world/soul are ultimately illusory (*māyā*). Nimbarka affirms the reality of the world and the individual soul [2].
*   **Relationship to Ramanuja (Vishishtadvaita):** While both are Vaishnava schools, Nimbarka differs from Ramanuja's **Vishishtadvaita** (Qualified Non-dualism). Ramanuja views the soul and matter as attributes (*viśeṣaṇa*) or the body (*śarīra*) of Brahman, where non-difference is primary and difference is subordinate. Nimbarka, however, asserts that difference and non-difference are equally real and natural, rejecting the idea that the soul and matter are merely qualities of God [1].
*   **Relationship to Chaitanya (Acintya Bhedābheda):** The later Gaudiya Vaishnava school of Chaitanya Mahaprabhu, **Acintya Bhedābheda** (Inconceivable Difference-Non-difference), is philosophically related but distinct. Chaitanya's school considers the simultaneous difference and non-difference to be **inconceivable** (*acintya*), whereas Nimbarka holds it to be **natural** (*svābhāvika*) and fully comprehensible [1].

Nimbarka's school is one of the four main Vaishnava *sampradayas* (traditions), alongside those of Ramanuja, Madhva, and Vallabha [2].",
Chaitanya Mahaprabhu - the 15th-16th century saint and founder of Gaudiya Vaishnavism and Achintya Bhedabheda philosophy,Chaitanya Mahaprabhu,"Chaitanya Mahaprabhu was born as Vishvambhara Mishra on 18 February 1486 in Nabadwip, Bengal (now in West Bengal, India), and passed away on 14 June 1534 in Puri, Odisha. He was born into a Brahmin family to Jagannātha Miśra and Śacī Devī. Initially known as Nimāi Paṇḍit, he was a brilliant Sanskrit scholar who defeated the scholar Keśava Bhaṭṭa of the Nimbārka school in a debate. A pivotal moment in his life was a visit to Gaya, where he met the ascetic Īśvara Purī and received initiation into Krishna worship. Following this, he renounced his scholarly and domestic life, taking the vow of *sannyasa* and receiving the name Krishna Chaitanya from his guru Keśava Bhāratī. He spent the last two decades of his life in Puri, where his ecstatic devotion and yearning for Krishna intensified, becoming the central figure of the Bhakti movement in Bengal.","Gaudiya Vaishnavism, which is based on the Vedantic philosophy of Achintya Bhedabheda (Inconceivable Simultaneous Oneness and Difference).","Chaitanya Mahaprabhu's direct literary contribution is limited to the **Shikshashtakam** (*Eight Verses of Instruction*), a concise summary of his teachings on the practice and goal of *bhakti*. However, his philosophical and theological legacy is contained in the extensive works of his disciples, the Six Goswamis of Vrindavan, who wrote hundreds of volumes based on his instructions. Key works that codify his tradition include:
*   ***Chaitanya Charitamrita*** by Krishnadasa Kaviraja: The definitive biography and theological text of Gaudiya Vaishnavism.
*   ***Shat-Sandarbhas*** by Jiva Goswami: A monumental philosophical work that systematically presents the *Achintya Bhedabheda* doctrine.
*   ***Bhakti-rasamrita-sindhu*** and ***Ujjvala-nilamani*** by Rupa Goswami: Texts that classify the stages and flavors (*rasas*) of devotional service.","Chaitanya Mahaprabhu's core teachings are encapsulated in the *Shikshashtakam*, eight Sanskrit verses that outline the path of *bhakti* (devotion). The central practice is *Sankirtana*, the congregational chanting of the Hare Krishna Maha-mantra, which he taught cleanses the heart and extinguishes the fire of material existence. His philosophy, **Achintya Bhedabheda** (*inconceivable simultaneous oneness and difference*), posits that the Supreme Lord (Krishna) and His energies (including the individual soul, *jiva*) are simultaneously one and different. This is an *achintya* (inconceivable) truth. The ultimate goal (*prayojana*) is *prema* (pure love of God), achieved through *bhakti* which is unpolluted by *karma* (fruitive action) or *jnana* (speculative knowledge). He emphasized the worship of Radha and Krishna in their most intimate, loving aspect (*Rādhā-bhāva*).","Chaitanya Mahaprabhu's most significant contribution was the founding of Gaudiya Vaishnavism and the popularization of the *Sankirtana* movement, which made spiritual practice accessible to all, regardless of caste or social standing. He provided a theological and philosophical foundation for the ecstatic form of *bhakti* through the *Achintya Bhedabheda* doctrine, which reconciled the monistic and dualistic views of Vedanta. He also inspired his six principal disciples, the **Six Goswamis of Vrindavan** (Rupa, Sanatana, Raghunatha Bhatta, Raghunatha Dasa, Gopala Bhatta, and Jiva Goswami), to systematically develop the theology, philosophy, and practices of Gaudiya Vaishnavism, thereby creating a vast body of literature that codified the tradition.","Chaitanya Mahaprabhu is revered as a dual incarnation of Radha and Krishna (*Rādhā-bhāva*) by his followers, and his influence is profound. He is credited with revitalizing Vaishnavism in Bengal and Odisha and initiating a social and religious revolution that transcended caste barriers. His emphasis on *Sankirtana* became a global phenomenon, particularly through the International Society for Krishna Consciousness (ISKCON), which traces its lineage directly to him. His philosophy continues to be a major theological tradition within Hinduism, influencing devotional practices, music, and art across the Indian subcontinent and the world.","Chaitanya's philosophy of *Achintya Bhedabheda* is a distinct school of Vedanta that sought to reconcile the absolute monism (*Advaita*) of Adi Shankara and the pure dualism (*Dvaita*) of Madhvacharya. He accepted two teachings from Ramanuja's *Vishishtadvaita* (qualified non-dualism): the concept of pure devotional service (*bhakti*) and service to the devotees. His school is a form of *Bhedabheda* Vedanta, sharing the concept of difference and non-difference with other schools like Nimbarka's *Dvaitadvaita*, but distinguishing itself by asserting that the relationship is *achintya* (inconceivable). His movement was initially met with resistance from orthodox Brahmins but later gained widespread acceptance.",
"Abhinavagupta - the 10th-11th century philosopher, mystic, and aesthetician of Kashmir Shaivism",Abhinavagupta,"Abhinavagupta, whose birth name was Shankara, flourished in Kashmir, India, between approximately 950 and 1016 CE. He was born into a Kānyakubja Brāhmin family whose ancestors had migrated from Kannauj (Madhyadesha) to Kashmir around 740 CE at the invitation of King Lalitāditya. His mother, Vimalā, died when he was two, which is said to have led him to a more ascetic and spiritual life. His father, Narasiṃhgupt, a scholar of grammar, logic, and literature, was his first teacher. Abhinavagupta was a polymath who, in his quest for knowledge, studied under as many as fifteen teachers from various schools, including dualistic Śaivism, Brahmavidyā, Krama, Trika Darśana, Dramaturgy, and Kaulāgama. He was an ascetic who never married, dedicating his life to scholarship and spiritual practice, and was supported by a family and circle of disciples who revered him as their spiritual master.","Kashmir Shaivism, specifically the **Pratyabhijñā** (Doctrine of Recognition) school, which is a form of non-dualistic (monistic) Shaivism (Trika and Kaula traditions).","Abhinavagupta was a prolific writer, completing over 35 works. His most significant works include:
*   **Tantrāloka** (""Light on the Tantras""): His magnum opus, an encyclopedic treatise on the philosophy and practice of Trika and Kaula Shaivism.
*   **Abhinavabhāratī:** His celebrated commentary on Bharata Muni's *Nāṭyaśāstra*, foundational to Indian aesthetics and *Rasa* theory.
*   **Bhagavadgītārthasaṅgraha** (""Summary of the Meaning of the Bhagavad Gita""): His commentary on the *Bhagavad Gita*, interpreting it through the lens of non-dualistic Kashmir Shaivism.
*   **Īśvarapratyabhijñā-vimarśinī** and **Īśvarapratyabhijñā-vivṛti-vimarśinī:** Commentaries on Utpala's *Īśvarapratyabhijñā* (Recognition of God), which are central to the Pratyabhijñā school.
*   **Dhvanyālokalocana:** A commentary on Anandavardhana's *Dhvanyāloka*, a key text on poetics.","The core of Abhinavagupta's philosophy is **monistic idealism**, asserting that **Shiva** is the sole reality, acting as both the material and efficient cause of the universe. The path to liberation is through **Pratyabhijñā** (Recognition), which is the realization of the already existing identity between the individual self and Shiva. This is not a new acquisition but a recognition of one's inherent divine nature. He systematized the five powers of Shiva as *chit* (consciousness), *ananda* (bliss), *icchā* (will), *jñāna* (knowledge), and *kriyā* (action). Furthermore, he famously integrated his philosophy with aesthetics, arguing that the aesthetic experience (*rasa*) is a momentary flash of the bliss of one's own consciousness (*ānanda*), making the experience of art a form of spiritual practice (*sādhana*).","Abhinavagupta's primary contribution was the **systematization of Kashmir Shaivism**, synthesizing the diverse Trika and Kaula traditions into the coherent, encyclopedic system presented in his *Tantrāloka*. He is also a towering figure in Indian aesthetics, where his *Abhinavabhāratī* commentary on the *Nāṭyaśāstra* is a landmark text. He refined the **Rasa theory**, linking the aesthetic experience directly to the highest spiritual realization, thereby bridging the gap between philosophy and art. His commentaries on foundational texts like the *Bhagavad Gita* and the *Īśvarapratyabhijñā* provided a definitive non-dualistic Shaiva interpretation to key Hindu scriptures.","Abhinavagupta is universally regarded as the most important philosopher of Kashmir Shaivism, bringing the tradition to its intellectual and spiritual peak. His work is foundational for all subsequent developments in Kashmir Shaivism. Beyond philosophy, his aesthetic theories on *Rasa* and *Dhvani* are still central to Indian poetics, literary criticism, and art theory, demonstrating a profound and lasting influence on Indian culture. His integrated view of art and spirituality continues to inspire modern scholars and practitioners of Tantra and Yoga.","Abhinavagupta's work is a synthesis of various traditions. He built upon the work of his predecessors in the Pratyabhijñā school, most notably **Utpala**, whose *Īśvarapratyabhijñā* he commented upon, and **Vasugupta**, the founder of the Spanda school. He studied under teachers from diverse schools, including dualistic Śaivism, which allowed him to comprehensively understand and integrate or refute rival philosophical positions (such as those of Vaiṣṇavas and Buddhists) within his monistic framework. His most famous disciple was **Kṣemarāja**, who played a crucial role in propagating the school after him.",
"Vijnanabhikshu - the 16th century philosopher who synthesized Samkhya, Yoga, and Vedanta philosophies",Vijñānabhikṣu (Vijnanabhikshu),"A Hindu philosopher and commentator, Vijñānabhikṣu is variously dated to the 15th or 16th century, with many scholars placing his floruit around 1575 C.E. He is generally believed to have been from Bihar, India, though some sources suggest Bengal. His life falls within a critical period of Indian intellectual history where there was a growing trend to synthesize the diverse schools of Hindu philosophy, particularly the six orthodox systems (*saddarśana*). He is considered a significant figure in the intellectual history leading up to the modern Neo-Vedanta movement.","He did not found a new school but is the most prominent representative of a synthetic philosophical tradition. His integration of Vedānta, Sāṃkhya, and Yoga is known as **Avibhāga Advaita** ('indistinguishable non-dualism'), a form of **Bhedābheda Vedānta** (difference-in-identity) that is heavily influenced by Sāṃkhya-Yoga metaphysics. He is also identified by some as a **Vaishnavite scholar** due to his theistic interpretations and reverence for Krishna.","His major works are commentaries (*bhāṣya*) and compendiums on the three schools he sought to unify:

*   ***Vijnanamritabhashya***: A commentary on Bādarāyaṇa's *Brahma Sūtras*, which reinterprets the text to reflect Sāṃkhya's dualism and his theistic Vedānta.
*   ***Yogabhāṣyavārttika***: A sub-commentary on Vyāsa's commentary on Patañjali's *Yoga Sūtras*, which is considered a highly influential work in the Yoga tradition.
*   ***Sāṃkhyapravacanabhāṣya***: A commentary on the *Sāṃkhya Sūtras* (or *Sāṃkhyapravacana*), where he controversially argues that the original Sāṃkhya founder, Kapila, actually believed in the existence of God (*Īśvara*).
*   ***Yogasārasaṃgraha***: A compendium on the essence of Yoga.
*   ***Sāṃkhyasāra***: A compendium on the essence of Sāṃkhya.
*   ***Īśvaragītābhāṣya***: A commentary on the *Īśvara Gītā*.","His core teaching is the synthesis of Sāṃkhya, Yoga, and Vedānta. Key concepts include:

*   **Theistic Dualism**: He accepts the Sāṃkhya dualism of *Prakṛti* (matter/nature) and *Puruṣa* (consciousness/self) as eternally real, but posits a supreme, personal God, **Brahman/Īśvara**, who is the Inner Ruler (*Antaryāmin*) of both. Brahman is pure consciousness but distinct from the multitude of *Puruṣas*.
*   **Critique of *Māyāvāda***: He was a staunch critic of Śaṅkara's strict non-dualism (Advaita Vedānta), which he famously dismissed as *pracchanna Bauddha* ('crypto-Buddhism') because of its doctrine of *Māyā* (cosmic illusion). He asserted that the world is not illusory but a real evolute of the eternally real *Prakṛti*.
*   **Yogic Liberation (*Jīvanmukta*)**: He discusses the spiritually liberated person as a yogic *jīvanmukta*, emphasizing the practical path of Yoga for liberation.","His most significant contribution is the **systematic and comprehensive synthesis** of the three major *darśanas* (schools) of Sāṃkhya, Yoga, and Vedānta. He successfully re-theologized the atheistic Sāṃkhya and Yoga schools by reinterpreting their core texts to include a personal God (*Īśvara*), thereby bringing them into the fold of theistic Hinduism. His work provided a philosophical basis for the later pan-Hindu synthesis.","Vijñānabhikṣu is a pivotal figure in the history of Hindu philosophy. His work was instrumental in the intellectual movement that sought to unify the diverse traditions of Hinduism, a trend that became highly influential in the 19th-century formation of **Neo-Vedanta**. His theistic interpretation of the *Brahma Sūtras* and his *Yogabhāṣyavārttika* remain important texts for the study of Vedānta and Yoga, respectively, demonstrating a sophisticated attempt to reconcile seemingly contradictory metaphysical systems.","He stands in direct opposition to **Śaṅkara** (Adi Shankara), whose Advaita Vedānta he fiercely criticized, particularly the doctrine of *Māyā* (illusionism). He sought to integrate the dualistic metaphysics of **Sāṃkhya** and the practical discipline of **Yoga** with the theistic principles of **Vedānta**. His philosophy is closely related to the Bhedābheda school, particularly the thought of **Bhāskara** and **Rāmānuja**, by asserting a difference-in-identity between Brahman and the world, though his specific formulation is unique.",
Sriharsha (Śrīharṣa) - the 12th century Advaita Vedanta philosopher known for his dialectical work Khandanakhandakhadya,Sriharsha (Śrīharṣa),"Śrīharṣa (also Sriharsha) was a prominent 12th-century CE Indian philosopher and poet who flourished around the middle of the century. He was born in northern India to a Kanyakubja Brahmin family, with his father being **Śrīhira** and his mother **Mamalladevī**. His father was a poet in the court of the Gahaḍavāla king **Vijayachandra** (or his successor **Jayachandra**) of Kānyakubja (Kanauj), who also became Śrīharṣa's patron. His philosophical career is situated in a period of intense intellectual rivalry among orthodox Hindu schools, particularly the Advaita Vedānta and the realist Nyāya-Vaiśeṣika schools, after the decline of Buddhist influence. His work is a direct and highly sophisticated response to the Nyāya school's claims of establishing ultimate reality through rational definition.",Advaita Vedānta (non-dualistic Vedānta),"**Philosophical Work:**
*   **Khaṇḍanakhaṇḍakhādya** (*The Sweets of Refutation*): His only surviving philosophical work, a dialectical refutation of the Nyāya-Vaiśeṣika school.

**Literary Work:**
*   **Naiṣadhīyacarita** (*The Exploits of Nala*): A major Sanskrit *mahākāvya* (epic poem), considered one of the five great *mahākāvyas*.

**Commentaries:**
*   Śrīharṣa did **not** write commentaries on the *Prasthānatrayī* (Upanishads, Brahma Sutras, Bhagavad Gita). His philosophical contribution is solely through the *Khaṇḍanakhaṇḍakhādya*.","Śrīharṣa's core teaching is the defense of the Advaita Vedānta doctrine of the non-dual reality of **Brahman** by demonstrating the **indefinability** (*anirvacanīya*) of the phenomenal world. He argues that the world of convention is neither existent (*sat*) nor non-existent (*asat*), but is a phenomenal appearance (*Māyā*) that cannot be logically determined or defined. He employs a radical dialectical method (*khaṇḍana*) to show that any attempt to define the categories of the dualist (Nyāya) leads to logical fallacies such as infinite regress or circularity, thereby proving the **futility of rational inquiry** in establishing the reality of the dualistic world. The ultimate reality, Brahman, is not a thesis to be established by reason, but a consequence of the logical reduction of all dualistic concepts.","Śrīharṣa's primary contribution is the philosophical text **Khaṇḍanakhaṇḍakhādya** (*The Sweets of Refutation*), which is a masterpiece of dialectical argument. This work established the **Khaṇḍana tradition** within Advaita Vedānta, shifting the school's defense strategy from direct assertion to a purely negative, refutational approach. His method, which is often compared to the *reductio ad absurdum* (*prasanga*) of the Mādhyamika Buddhists, is a highly influential and sophisticated form of philosophical skepticism aimed at clearing the ground for the non-dualistic truth revealed by the scriptures. He is also a celebrated figure in Sanskrit literature as the author of the epic poem **Naiṣadhīyacarita**.","Śrīharṣa is a pivotal figure in the history of Advaita Vedānta, establishing the *Khaṇḍana* tradition which profoundly influenced later Advaitins. His work provoked strong counter-reactions from rival schools, most notably the **Dvaita Vedānta** school founded by Madhvācārya, whose followers dedicated significant effort to refuting the *Khaṇḍanakhaṇḍakhādya*. His philosophical technique has drawn comparisons to modern philosophical skepticism and 20th-century Western logic, making him a subject of contemporary academic study for his sophisticated and radical dialectical method. The *Khaṇḍanakhaṇḍakhādya* inspired a long line of sub-commentaries and commentaries, securing his place as one of the most important post-Śaṅkara Advaita thinkers.","Śrīharṣa is a key successor to **Śaṅkara** (8th century CE) in the Advaita tradition. His primary philosophical target was the **Nyāya-Vaiśeṣika** school, whose realist categories and definitions he systematically refuted. His dialectical method shows a strong influence from the Mādhyamika Buddhist philosopher **Nāgārjuna**, particularly the use of *prasanga* (reductio ad absurdum), though Śrīharṣa explicitly distances his final position from the Buddhist concept of *Śūnyatā* (emptiness) by asserting the positive reality of Brahman.",
