Subject,Topic,Key Texts,Core Concepts,Practices,Schools and Lineages,Historical Context,Contemporary Relevance,Error
"Shaiva Agamas - the 28 Shaiva Siddhanta Agamas and their structure, philosophy, and ritual practices","Shaiva Agamas - The 28 Shaiva Siddhanta Agamas: Structure, Philosophy, and Ritual Practices","The **28 Shaiva Agamas** (also known as Śaiva Siddhānta Tantras) form the primary scriptural authority for the tradition, revealed by Shiva through his five faces (Sadyojata, Vamadeva, Aghora, Tatpurusha, and Ishana). They are broadly classified into two groups:
*   **10 Shiva Agamas (Sivabheda):** Including *Kāmika*, *Yogaja*, *Chintya*, *Kāraṇa*, and *Ajita*.
*   **18 Rudra Agamas (Rudrabheda):** Including *Vijaya*, *Niśvāsa*, *Svāyambhuva*, *Raurava*, and *Kiraṇa*.
Each Agama is traditionally structured into four sections (**Pādas**), which together cover the entire scope of the tradition: **Jñāna** (philosophy), **Yoga** (meditation), **Kriyā** (temple construction and rituals), and **Caryā** (conduct and ethics). The *Kriyā-pāda* is particularly significant as it contains the detailed, meticulous instructions that serve as the standard **pūjā manuals** for temple worship. Other key texts include the Tamil *Tirumurai* (devotional hymns) and the *Meykanda Shastras* (philosophical treatises).","The core philosophy of Shaiva Siddhanta, rooted in the Agamas, is a form of **pluralistic realism** or **dualism** (Dvaita/Bhedavāda), asserting the eternal existence and distinctness of three realities (**Tattvas**):
*   **Pati (Lord):** The supreme reality, **Shiva**, who is pure consciousness, eternally free, and the efficient cause of the universe.
*   **Pasu (Soul):** The individual soul, which is inherently pure but bound by the three bonds.
*   **Pāśa (Bond):** The three impurities that bind the soul to the cycle of transmigration (**Saṃsāra**):
    1.  **Āṇava:** The innate ignorance or egoity that limits the soul's infinite knowledge and power.
    2.  **Karma:** The law of action and consequence, which creates a chain of future experiences.
    3.  **Māyā:** The material cause of the universe, the primordial matter from which the world is evolved, which provides the soul with a body and world of experience.
Liberation (**Moksha**) is achieved through the removal of Pāśa by the grace (**Śaktinipāta**) of Shiva, leading to the soul's realization of its true nature and eternal union with the Lord.","The ritual and spiritual practices of the Shaiva Agamas are meticulously detailed in the **Kriyā-pāda** and **Caryā-pāda** of the texts. The path to liberation is often described in four progressive stages (**Caryā, Kriyā, Yoga, Jñāna**), which are not strictly sequential but represent different aspects of the spiritual life:
1.  **Caryā-pāda (Conduct):** Focuses on ethical and moral conduct, service to Shiva's devotees, cleaning the temple, and other external acts of devotion.
2.  **Kriyā-pāda (Ritual):** Governs the construction and consecration of temples, the installation of the deity (**pratiṣṭhā**), and the performance of daily and occasional temple rituals (**pūjā**). This is the foundation of the public, communal aspect of the tradition.
3.  **Yoga-pāda (Discipline):** Describes internal practices, including various forms of Yoga, breath control, and meditation, aimed at purifying the mind and body.
4.  **Jñāna-pāda (Knowledge):** The final stage, which involves the intellectual and intuitive understanding of the philosophical truths (Pati, Pasu, Pāśa) leading to the final realization of the soul's true nature and union with Shiva.","The Shaiva Agamas are the foundational texts for the **Shaiva Siddhanta** school, which is the most prominent and enduring lineage. This school is primarily divided geographically and philosophically:
*   **Sanskrit/Northern Siddhanta:** Systematized by Kashmiri scholars like Sadyojyoti, which was more pan-Indian in scope.
*   **Tamil/Southern Siddhanta:** The dominant form today, which integrated the Agamas with the Tamil devotional tradition of the Nayanars. The key philosophical lineage is the **Meykandar Sampradaya** (13th-14th century), which established the dualistic philosophy of the school.
The Agamas themselves are sometimes classified into **Sivabheda** (10 Agamas) and **Rudrabheda** (18 Agamas), which some scholars associate with different philosophical leanings, though all are foundational to the Siddhanta tradition. The tradition is maintained by the **Ādi Śaiva** or **gurukkaḷ** temple priests, who form a hereditary lineage dedicated to the ritual practices of the Agamas.","The Shaiva Agamas are ancient Tantric scriptures whose origins are complex, with early influences from both North and South India. The tradition was systematized in Sanskrit by thinkers like **Sadyojyoti** (c. 7th century) in the North, who drew on texts like the *Rauravatantra*. In the South, the Shaiva Siddhanta tradition merged with the powerful **Tamil Shaiva movement** (7th-9th centuries), which was expressed in the devotional poetry of the **Nayanars** (collected in the *Tirumurai*). The definitive philosophical systematization occurred in the 13th-14th centuries with the **Meykandar Sampradaya** in Tamil Nadu, founded by **Meykandar**, whose *Śivajñānabodham* established the dualistic framework of the school. The Agamas thus form the scriptural and ritual foundation for this mature philosophical system, bridging the ancient Tantric practices with the later Bhakti and philosophical traditions.","The Shaiva Agamas, particularly the Shaiva Siddhanta tradition, remain highly relevant today, primarily in South India (Tamil Nadu) and Sri Lanka, and in a syncretized form in Southeast Asia (e.g., Siwa Siddhanta in Indonesia). They form the living tradition of temple worship, providing the meticulous rules for the construction, consecration, and daily rituals of Shiva temples. The hereditary temple priests, known as **gurukkaḷ** or **Ādi Śaiva**, continue to follow the Kriyā-pāda of the Agamas as their standard manual for pūjā. Furthermore, the philosophical concepts of Pati, Pasu, and Pāśa offer a robust dualistic framework for spiritual practice, complementing the non-dualistic schools of Shaivism. The emphasis on ethical conduct (**Caryā**) and devotion (**Bhakti**) ensures its continued appeal as a comprehensive path for the modern devotee.",
"Shakta Tantras - including the 10 Mahavidyas, major Shakta Tantra texts, and goddess worship traditions","Shakta Tantras - including the 10 Mahavidyas, major Shakta Tantra texts, and goddess worship traditions","The literature of Shakta Tantra is vast, often referred to as the **Shakta Agamas** or **Tantras**, traditionally numbered at 64.
*   **Devi Mahatmya (c. 5th-6th Century CE):** A foundational text that is not strictly a Tantra but is the most important scripture for Shaktas. It narrates the Goddess's battles against demons, establishing her as the supreme, all-powerful deity. It is considered as important as the *Bhagavad Gita* in Shaktism.
*   **Devi-Bhagavata Purana:** A major Purana that elevates the Goddess (**Bhuvaneshvari**) to the status of *Brahman*, detailing her mythology and philosophical supremacy.
*   **Tripura Upanishad:** Historically one of the most complete introductions to Shakta Tantrism, distilling the core philosophy of **Srividya** into its verses.
*   **The Tantras (Agamas):** These texts provide the practical, ritualistic, and philosophical framework for Shakta practice.
    *   **Mahanirvana Tantra:** A widely known text that discusses the nature of the Goddess, social duties, and various forms of worship.
    *   **Saradatilaka Tantra (11th Century):** A key text on *mantra* and *yantra* construction, influential across various Tantric schools.
    *   **Yogini Tantra:** Focuses on the worship of the Goddess in her fierce forms and is associated with the regions of Assam and Bengal.
    *   **Kularnava Tantra:** A significant text for the **Kaula** tradition, detailing the integration of worldly life and spiritual practice.
*   **Mahavidya-specific Texts:** Numerous *Tantras* and *Puranas* are dedicated to individual Mahavidyas, such as the *Kali Tantra* (c. 15th century) and the *Tripura Rahasya* (a text on the teachings of Tripura Sundari).","The philosophical foundation of **Shakta Tantra** is rooted in the concept of **Shakti** as the ultimate, dynamic reality.
*   **Shakti as Brahman:** Unlike other Hindu schools that may view Brahman as a static, genderless absolute, Shaktism posits **Shakti** (the Divine Feminine) as the ultimate reality (**Mahadevi** or **Adi Parashakti**). She is the source, embodiment, and energy of the cosmos. The famous dictum is that **Shiva** (Consciousness) is inert without **Shakti** (Power/Energy); they are inseparable, like fire and its heat.
*   **The 10 Mahavidyas (Ten Great Wisdom Goddesses):** These are ten distinct manifestations of the Divine Mother, representing the entire spectrum of cosmic reality, from terrifying destruction to sublime beauty. They are not merely deities but personifications of deep spiritual truths and cosmic forces (**Mahavidya** literally means ""Great Wisdom"").
    *   **Kali:** Time, transformation, and the dissolution of the ego.
    *   **Tara:** The guiding star, the power of the Word (sound), and salvation.
    *   **Tripura Sundari (Shodashi):** Beauty, perfection, and the three worlds (waking, dreaming, deep sleep).
    *   **Bhuvaneshvari:** The Queen of the Universe, space, and the cosmos.
    *   **Chhinnamasta:** Self-decapitation, the sacrifice of the ego, and the power of sexual energy.
    *   **Bhairavi:** Fierce goddess, the power of spiritual fervor, and the heat of the ascetic's *tapas*.
    *   **Dhumavati:** The widow goddess, representing the void, suffering, and the unmanifest.
    *   **Bagalamukhi:** The power to paralyze enemies (internal and external), and the control of speech.
    *   **Matangi:** The outcaste goddess, the power of the spoken word, and pollution/purity.
    *   **Kamala:** The lotus goddess, prosperity, purity, and spiritual liberation.
*   **Kula and Kaula:** These concepts emphasize the integration of the material world and the body into spiritual practice, rejecting the ascetic renunciation of earlier traditions. The body is seen as a microcosm of the universe, and worldly enjoyment (*bhoga*) is transformed into spiritual liberation (*moksha*).
*   **Non-Dualism (Advaita):** Many Shakta Tantras, particularly the **Srividya** tradition, are fundamentally non-dualistic, asserting the identity of the individual soul (*jiva*) with the ultimate reality (*Shakti*).","Shakta Tantra practices are highly structured and involve a synthesis of ritual, yoga, and meditation, aimed at realizing the non-dual nature of the self and Shakti.
*   **Pūjā (Worship):** The central practice is the worship of the Divine Mother (**Devi**) in her various forms, often involving elaborate rituals. This includes:
    *   **Mantra:** The use of sacred sounds, such as the **Bija Mantras** (seed syllables) associated with each Mahavidya (e.g., *Krīṃ* for Kali, *Hrīṃ* for Tripura Sundari).
    *   **Yantra:** The use of geometric diagrams, such as the **Sri Yantra** (associated with Tripura Sundari), which are visual representations of the cosmos and the Goddess's energy.
    *   **Nyāsa:** The ritualistic touching of various parts of the body while reciting mantras, to install the energy of the deity within the practitioner's body.
*   **Sādhanā:** A disciplined spiritual practice that can range from simple devotion to complex esoteric rituals. The goal is to attain both worldly fulfillment (*bhukti*) and liberation (*mukti*).
*   **Kundalini Yoga:** A core Tantric practice focused on awakening the dormant spiritual energy (**Kundalini Shakti**) at the base of the spine and guiding it through the central channel (*Sushumna Nadi*) and the chakras to unite with Shiva (Consciousness) at the crown (*Sahasrara*).
*   **Kaula Practices (Vāmācāra):** These are the more esoteric and often controversial practices, sometimes involving the ""Five Ms"" (*Pañcamakāra*): *madya* (wine), *māṃsa* (meat), *matsya* (fish), *mudrā* (parched grain or ritual gestures), and *maithuna* (ritual sexual union). These practices are intended to transcend conventional dualities and transform taboo elements into tools for spiritual realization, typically performed only by advanced practitioners under strict guidance.
*   **Dakshinācāra (Right-Hand Path):** The more common and socially acceptable path, where the ""Five Ms"" are replaced by symbolic substitutes (e.g., coconut water for wine, ginger for meat).","Shakta Tantra is broadly divided into two main streams, which in turn contain various schools and lineages.
*   **Kālikula (Family of Kali):**
    *   **Focus:** Worship of the fierce, dynamic, and transformative forms of the Goddess, such as **Kali** and **Dhumavati**.
    *   **Region:** Predominantly associated with **East India** (Bengal, Assam, Orissa).
    *   **Practices:** Tends to be more associated with the esoteric **Kaula** (Vāmācāra) practices, emphasizing the transcendence of fear and social norms.
*   **Śrīkula (Family of Śrī/Lakshmi):**
    *   **Focus:** Worship of the beautiful, benevolent, and sovereign forms of the Goddess, primarily **Tripura Sundari** (Śrī).
    *   **Region:** Predominantly associated with **South India** (Tamil Nadu, Kerala) and **Kashmir**.
    *   **Lineage:** The most influential school is **Śrīvidyā** (""Auspicious Knowledge""), which is highly systematic, non-dualistic, and focuses on the worship of the **Śrī Yantra**.
*   **Relationship to Other Hindu Traditions:**
    *   **Shaivism:** Shaktism is deeply intertwined with **Shaivism**, often referred to as **Shakta-Shaivism**. The two are philosophically inseparable, with the Goddess (**Shakti**) being the active power of the God (**Shiva**). Many Shakta texts are presented as dialogues between Shiva and Shakti.
    *   **Vaishnavism:** While distinct, the Goddess is also revered in Vaishnavism, primarily as **Lakshmi** (consort of Vishnu) or **Radha** (consort of Krishna). Some Tantric traditions, like the **Vaishnava Agamas** (Pancharatra), also incorporate Tantric elements but focus on Vishnu.
    *   **Smarta Tradition:** Shaktism is one of the five primary deities (*pañcopāsanā*) worshipped by the Smarta tradition, alongside Shiva, Vishnu, Ganesha, and Surya, demonstrating its mainstream acceptance within Hinduism.","The worship of the Divine Feminine in India is ancient, with archaeological evidence of mother goddess figures dating back to the **Indus Valley Civilization** and the **Upper Paleolithic** site of Baghor I (c. 9000–8000 BCE).
*   **Vedic Roots:** The **Rig Veda** contains the **Devi Suktam** (10.125), a hymn where the Goddess proclaims herself as the ultimate reality (**Brahman**), the source of all existence. However, the Vedic tradition primarily focused on male deities.
*   **Emergence of Shaktism:** Shaktism emerged as a distinct denomination of Hinduism around the **4th to 7th centuries CE**, coinciding with the rise of the **Puranas**. The **Devi Mahatmya** (part of the Markandeya Purana, c. 5th-6th century CE) is a foundational text that establishes the Goddess (**Mahadevi**) as the supreme, all-powerful creator and preserver.
*   **Tantric Development:** Shakta Tantrism developed in the early medieval period (c. 6th century CE onwards), particularly in regions like **Kashmir, Bengal, and Assam**. It represented a shift from the purely ritualistic and ascetic Vedic path to a more experiential, body-positive, and esoteric path. The surge in Tantra development during the late medieval period (post-14th century) is also linked to a response to political instability and Islamic invasions.
*   **The Mahavidyas:** The concept of the **10 Mahavidyas** solidified in the post-Puranic, Tantric period, likely between the **10th and 14th centuries CE**. Their emergence marks a significant development in Shaktism, emphasizing the *Bhakti* (devotional) aspect alongside the *Tantric* (ritualistic) one, presenting the Goddess in a diverse, yet unified, pantheon of wisdom.","**Shakta Tantra** and the **Mahavidyas** maintain significant contemporary relevance, both in India and globally.
*   **Feminist and Ecological Interpretations:** The worship of the Divine Feminine (**Shakti**) resonates strongly with modern feminist and ecological movements. The concept of the Goddess as the ultimate reality, the source of all creation and energy, provides a powerful counter-narrative to patriarchal structures and a spiritual basis for environmental stewardship. The Mahavidyas, in particular, are seen as archetypes of female power, independence, and transformation.
*   **Psychological and Therapeutic Applications:** The Mahavidyas are increasingly interpreted through a psychological lens. Each Goddess represents a distinct aspect of the human psyche or a stage of spiritual transformation. For example, **Kali** is seen as the power to face and transcend the ego and fear, while **Tripura Sundari** represents the beauty and perfection of the fully realized self. Their contemplation is used in modern spiritual and therapeutic practices for self-discovery and emotional healing.
*   **Global Spiritual Movements:** **Srividya**, one of the major Shakta lineages, has a growing following in the West. Its practices, involving the **Sri Yantra** and specific mantras, are adopted by seekers looking for a structured, non-dualistic path that integrates the material and spiritual worlds.
*   **Integration with Yoga and Meditation:** Tantric practices, including **Kundalini Yoga** and various forms of mantra and yantra meditation, are widely integrated into modern yoga and mindfulness traditions, often stripped of their more esoteric or controversial elements, focusing instead on energy work and consciousness expansion.
*   **Cultural and Artistic Expression:** The imagery and mythology of the Mahavidyas continue to inspire contemporary Indian art, literature, and cinema, serving as enduring symbols of power, mystery, and the cyclical nature of existence.",
"Vaishnava Agamas (Pancharatra and Vaikhanasa) - their texts, philosophy, and temple worship traditions","Vaishnava Agamas (Pancharatra and Vaikhanasa) - their texts, philosophy, and temple worship traditions","The Vaishnava Agamas are comprised of numerous texts, known as *Samhitas*, which detail the philosophy, cosmology, and practical aspects of worship.

| Tradition | Key Texts and Significance |
| :--- | :--- |
| **Pancharatra** | **Pancharatra Samhitas:** A vast collection of over 200 texts, believed to have been composed between **600 CE and 850 CE**. Major examples include the *Pādma Samhita*, *Ahirbudhnya Samhita*, *Jaya Samhita*, *Sattvata Samhita*, and *Naradiya Samhita*. These texts are significant for establishing the **Vyūha doctrine** and providing detailed instructions for temple construction (*kriya*), icon installation (*pratishtha*), and daily worship (*charya*). |
| **Vaikhanasa** | **Vaikhanasa Samhitas:** A smaller, more cohesive group of texts traditionally attributed to the sage Vikhanasa and his disciples. Key texts include the *Kashyapa Samhita*, *Atri Samhita*, *Bhrigu Samhita*, and *Marichi Samhita*. These texts are significant for their **strict adherence to Vedic principles** and their detailed, conservative prescriptions for temple rituals and the consecration of images. |","The core philosophical concepts of the Vaishnava Agamas revolve around the supremacy of **Vishnu/Narayana** and the means to attain liberation (*moksha*) through devotion and ritual worship.

| Tradition | Core Philosophical Concepts |
| :--- | :--- |
| **Pancharatra** | **Vyūha Doctrine:** The concept of four emanations (Vyūhas) of the Supreme Being (Vāsudeva): **Vāsudeva** (the Supreme Self), **Saṃkarṣaṇa** (the individual soul and destroyer), **Pradyumna** (mind and creation), and **Aniruddha** (ego and maintenance). This doctrine provides a cosmological and psychological framework for creation and salvation. **Bhakti (Devotion):** Emphasizes *bhakti* (devotion) and *prapatti* (surrender) as the primary means of liberation, making it more accessible to all castes. |
| **Vaikhanasa** | **Fourfold Manifestation:** Rejects the Vyūha doctrine in favor of a fourfold manifestation of Vishnu: **Purusha** (the principle of life), **Satya** (the static aspect of the deity), **Achyuta** (the immutable aspect), and **Aniruddha** (the aspect of maintenance). **Iconic Worship:** Places great emphasis on the *archa* (iconic) form of the Lord as the most important form for worship, seeing the Godhead as the support of all. |
| **Shared** | **Supremacy of Vishnu:** Both traditions uphold Vishnu as the *Para Brahman* (Supreme Reality). **Importance of the Icon:** Both agree that the *murti* (icon) is the most important form of the Lord, as it facilitates worship and meditation. |","The practices prescribed by the Vaishnava Agamas are primarily focused on **temple worship (*archana*)** and the consecration of the deity's icon.

| Tradition | Ritual and Spiritual Practices |
| :--- | :--- |
| **Pancharatra** | **Rituals:** Emphasizes *pūjā* (worship) and *utsava* (festivals). The rituals are generally more elaborate and flexible, allowing for greater lay participation. The *dīkṣā* (initiation) process is central, making the tradition more inclusive. The *mantras* used are primarily Agamic and Tantric in nature. |
| **Vaikhanasa** | **Rituals:** Emphasizes a more **Vedic-centric** approach, with a greater focus on *homa* (fire sacrifices) and *yagnyas*. The rituals are highly conservative and strict, with the use of Vedic *mantras* being paramount. The priesthood is hereditary and restricted to Brahmins of the Vaikhanasa lineage. The daily worship (*nitya-pūjā*) is performed in five parts: *Abhigamana* (approach), *Upādāna* (collection of materials), *Ijyā* (worship), *Svādhyāya* (study), and *Yoga* (meditation). |
| **Temple Worship (Shared)** | Both Agamas provide minute details for: **Temple Architecture** (*prāsāda-lakṣaṇa*), **Iconography** (*pratimā-lakṣaṇa*), **Daily Worship** (*nitya-pūjā*), **Occasional Rites** (*naimittika*), and **Festivals** (*utsava*). The core of the practice is the service (*sevā*) to the *murti* (icon) of Vishnu. |","The Vaishnava Agamas are the liturgical foundation for the major Vaishnava schools, particularly the Sri Vaishnava tradition.

*   **Pancharatra:** This Agama is the primary liturgical source for the **Sri Vaishnava Sampradaya** founded by **Ramanuja**. The tradition is further divided into the **Vadakalai** (Northern Culture) and **Tenkalai** (Southern Culture) sub-sects, both of which follow the Pancharatra system for temple worship. It is also influential in the **Madhva Sampradaya** (Brahma Sampradaya).
*   **Vaikhanasa:** This tradition is a distinct, self-contained lineage. Its adherents are primarily a specific community of Brahmins who trace their lineage back to the sage Vikhanasa. They maintain their own distinct identity and strictly adhere to the Vaikhanasa Samhitas. They are the exclusive priests in major temples like the Tirumala Venkateswara Temple.
*   **Relationship to Other Hindu Traditions:** The Vaishnava Agamas are distinct from the **Shaiva Agamas** (which focus on Shiva) and the **Shakta Agamas** (which focus on the Goddess). However, all three share a common structure and emphasis on ritual, *mantra*, and *yantra*, placing them under the broader umbrella of Tantra. The Pancharatra tradition, with its emphasis on *bhakti*, is closely linked to the devotional movements of the Alvars (Tamil poet-saints) and the philosophical school of Vishishtadvaita (Qualified Monism) as articulated by Ramanuja. The Vaikhanasa tradition maintains a closer, more conservative link to the Vedic tradition.","The Vaishnava Agamas are divided into two primary schools: **Pancharatra** and **Vaikhanasa**.

*   **Pancharatra:** The movement originated around the late **3rd-century BCE**, centered on the worship of **Narayana** and the various forms (*avatar*) of Vishnu. It later merged with the ancient Bhagavata tradition. The term literally means ""five nights,"" often interpreted as referring to a five-day sacrifice performed by Narayana or a tradition of ""five knowledges."" The doctrine was systematized by the 1st-century CE in texts like the *Shandilya Sutras*.
*   **Vaikhanasa:** This tradition is considered to be **older** and more directly evolved from the **Vedas**, specifically the *Taittiriya Samhita* and *Taittiriya Brāhmaṇa* of the Krishna Yajur Veda. It is traditionally attributed to the Vedic sage **Vikhanasa** and his four disciples (Atri, Bhrigu, Marichi, and Kashyapa). The Vaikhanasa Samhitas were the original temple manuals for many early Vaishnava temples.
*   **Divergence and Relationship:** The two traditions co-existed for centuries. The Pancharatra system, with its greater emphasis on *bhakti* and accessibility, gained prominence, especially after the 11th century. The influential Vedanta theologian **Ramanuja** (founder of the Sri Vaishnava Sampradaya) preferred the Pancharatra system, which led to its adoption in many major temples, including the Sri Ranganathaswamy Temple. However, the Vaikhanasa tradition remains the exclusive liturgical system for the worship of Lord Venkateswara at the Tirumala Tirupati Temple.","The Vaishnava Agamas, particularly the Pancharatra and Vaikhanasa traditions, remain highly relevant as the foundational liturgical and architectural guides for the vast majority of major Vishnu temples across India and the world. Their continued practice ensures the preservation of ancient temple traditions, art, and ritual purity.

*   **Temple Management:** Major temples like the Tirumala Venkateswara Temple (Vaikhanasa) and the Sri Ranganathaswamy Temple, Srirangam (Pancharatra) continue to follow these Agamas strictly, making them living traditions.
*   **Sri Vaishnavism:** The Pancharatra Agama is central to the Sri Vaishnava Sampradaya, which is one of the largest and most influential Vaishnava traditions globally.
*   **Cultural Preservation:** The detailed prescriptions for *murti* (icon) creation, temple architecture, and daily rituals have preserved a significant portion of India's cultural and artistic heritage.
*   **Global Reach:** As Vaishnavism has spread globally, the Agamic principles for worship and temple construction have been adopted in temples established outside of India, ensuring continuity with the tradition's roots.",
"Kashmir Shaivism and Trika tradition - Abhinavagupta, Pratyabhijna philosophy, and key texts",,"The literature of Kashmir Shaivism is vast, but the most significant texts are:
*   ***Tantrāloka*** **(Light on the Tantras):** The magnum opus of **Abhinavagupta**. It is a monumental, encyclopedic treatise (in 37 chapters) that systematically synthesizes the entire body of Trika, Kaula, and Krama teachings, presenting a unified, non-dualistic vision of Tantra. It is formally a commentary on the *Mālinīvijayottara Tantra*.
*   ***Īśvara-pratyabhijñā-kārikā*** **(Verses on the Recognition of the Lord):** Composed by **Utpaladeva**, this text is the foundational work of the Pratyabhijñā school. It provides the logical and philosophical arguments for the doctrine of recognition, proving that the individual soul is Śiva.
*   ***Śiva Sūtras*** **(Aphorisms of Śiva):** Revealed to **Vasugupta**, this text is considered the primary scriptural authority (*āgama*) of the tradition. It consists of 77 aphorisms that outline the path to liberation through the recognition of one's divine nature.
*   ***Spandakārikā*** **(Verses on Vibration):** Attributed to **Bhaṭṭa Kallaṭa** (a student of Vasugupta), this text elaborates on the concept of *Spanda* (cosmic vibration or pulsation) as the dynamic aspect of Śiva's consciousness, which underlies all creation and experience.
*   ***Parātrīśikā Vivaraṇa:*** Abhinavagupta's commentary on the *Parātrīśikā*, a section of the *Rudrayāmala Tantra*, which is considered a key text of the Trika system.","The core philosophy of Kashmir Shaivism is the monistic, idealistic system of **Pratyabhijñā** (Recognition).
*   **Pratyabhijñā (Recognition):** The central concept, meaning ""re-cognition"" or ""direct knowledge of one's self."" It is the realization that the individual self (*jīva*) is non-different from the universal consciousness, **Śiva**. Liberation is not the attainment of something new, but the recognition of what has always been true.
*   **Śiva and Śakti:** Śiva is the transcendent, pure consciousness, while **Śakti** is the immanent, dynamic power of Śiva. The two are inseparable, like fire and its heat. Śakti is the power of absolute freedom (**Svatantrya**) through which Śiva creates, maintains, and dissolves the universe.
*   **Svatantrya (Absolute Freedom):** The inherent, unconditioned, and absolute power of will and action of Śiva. It is the creative impulse that manifests the universe.
*   **The 36 Tattvas:** Kashmir Shaivism posits 36 categories of existence (*tattvas*), which are the stages of manifestation from the pure consciousness of Śiva down to the gross physical elements. This system provides a detailed map of the cosmos and the process of cosmic evolution and involution.
*   **Aham (I-Consciousness):** The ultimate reality is the pure, self-luminous ""I"" or ""I-consciousness"" of Śiva. The individual's bondage is the contraction of this universal ""I"" into the limited ""I"" (*aṇu*) of the ego.","The spiritual practices in Kashmir Shaivism are classified into four means (*upāyas*) to liberation, which are not sequential but represent different levels of intensity and directness:
*   ***Anupāya*** **(No Means):** The highest and most direct path, suitable for the most advanced practitioners. It involves instantaneous, effortless recognition (*pratyabhijñā*) of one's Śiva-nature without any mental or physical effort.
*   ***Śāmbhavopāya*** **(Śiva's Means):** A path of pure will and consciousness, where the focus is on the awareness of the Self, transcending all thought (*vikalpa*). It involves a sudden shift in perspective, often triggered by the Guru's grace (*śaktipāta*).
*   ***Śāktopāya*** **(Śakti's Means):** The path of knowledge and mental discipline. It involves intense contemplation, focusing on the essential nature of reality, and purifying the mind through the use of mantra, meditation on non-dual concepts, and philosophical inquiry.
*   ***Āṇavopāya*** **(Individual Means):** The lowest, yet most common, path involving physical and gross practices. This includes *yoga* (breath control, postures), *dhyāna* (meditation on a form or object), *uccāra* (mantra recitation), and *sthānakalpanā* (focusing on a specific location in the body).
The tradition also incorporates the secret, ritualistic practices of the **Kaula** and **Krama** systems, which involve the worship of the Goddess (Śakti) and the use of triadic mandalas and cycles of consciousness. These practices, often performed in secret, are aimed at internalizing the non-dual realization.","Kashmir Shaivism is an umbrella term for several non-dualistic Shaiva traditions that flourished in Kashmir. The four main schools or systems are:
*   **Trika System:** The core lineage, named for its focus on triadic concepts (e.g., the three goddesses Parā, Parāparā, and Aparā; the three energies of Śiva: *icchā*, *jñāna*, *kriyā*). Abhinavagupta's work is the definitive exposition of Trika.
*   **Pratyabhijñā System:** The philosophical school, systematized by Somānanda and Utpaladeva, which provides the logical framework for the doctrine of Recognition. It is the intellectual backbone of Kashmir Shaivism.
*   **Spanda System:** Based on the *Śiva Sūtras* and *Spandakārikā*, this school focuses on *Spanda* (vibration or throb) as the dynamic, creative movement of consciousness.
*   **Kula System:** A tantric, householder-oriented system that emphasizes the unity of the spiritual and material worlds. It incorporates ritual practices, often involving a circle (*kula*) of practitioners, and is deeply integrated into the Trika synthesis.
*   **Krama System:** A tantric school focused on the sequential stages (*krama*) of consciousness, particularly the Kālī-based cycles of emanation and withdrawal. Abhinavagupta integrated the Krama's emphasis on the sequential unfolding of the divine power into his Trika system.
The most prominent modern lineage is that of **Swami Lakshmanjoo** (1907–1991), who was the last great living master of the tradition and whose teachings have been instrumental in its modern revival and spread.","Kashmir Shaivism, often used synonymously with the **Trika** tradition, emerged in the Kashmir Valley around the 9th century CE. It represents a synthesis and domestication of earlier, more radical **Kaula** and **Krama** tantric movements, adapting their views and practices to a more systematic, philosophical, and householder-friendly framework. The tradition is broadly divided into three main phases:
*   **The Agamic Phase (c. 800 CE):** Marked by the revelation of the *Śiva Sūtras* to **Vasugupta** (c. 800–850 CE), which laid the philosophical foundation. His student, **Bhaṭṭa Kallaṭa**, composed the *Spandakārikā*, establishing the **Spanda** (Vibration) school.
*   **The Pratyabhijñā Phase (c. 900–1000 CE):** This phase saw the development of the core philosophical system. **Somānanda** (c. 900 CE) wrote the *Śivadṛṣṭi*, and his student **Utpaladeva** (c. 925–975 CE) systematized the philosophy in his *Īśvara-pratyabhijñā-kārikā* (Verses on the Recognition of the Lord).
*   **The Synthesizing Phase (c. 975–1025 CE):** The tradition reached its zenith with **Abhinavagupta** (c. 975–1025 CE), a polymath who synthesized the Trika, Kaula, Krama, Spanda, and Pratyabhijñā schools into a single, comprehensive system. His works, especially the *Tantrāloka*, became the definitive exposition of Kashmir Shaivism. The tradition flourished until the 14th century, after which it declined due to political and social changes, though it was preserved by a few lineages.","Kashmir Shaivism, particularly the Pratyabhijñā philosophy, holds significant **contemporary relevance** as a non-dualistic spiritual path. It offers a direct, experiential approach to self-realization that resonates with modern seekers. The emphasis on the inherent divinity of the individual (**Aham**) and the world, rather than a distant God, provides a framework for integrating spiritual practice with daily life. The tradition has been popularized in the West through the work of scholars and practitioners like Swami Lakshmanjoo, and its teachings on consciousness, aesthetics (through Abhinavagupta's work on *Rasa*), and the nature of reality continue to influence modern philosophy, psychology, and non-dual spiritual movements. Its practical *upāyas* offer a structured method for self-inquiry and meditation that is accessible to contemporary practitioners.",
"Tantric philosophy - concepts of Shakti, Kundalini, chakras, mantras, yantras, and spiritual transformation","Tantric philosophy - concepts of Shakti, Kundalini, chakras, mantras, yantras, and spiritual transformation","The foundational scriptures are known as the **Tantras**, **Agamas**, and **Samhitas**. These texts, which emerged from the middle of the 1st millennium CE, lay out the philosophical and practical framework of the tradition. Key texts include the **Vigyan Bhairav Tantra** (a profound text on philosophy and practice), the **Kularnava Tantra**, the **Maha Nirvana Tantra**, and the **Rudra Yamala**. Their significance lies in their focus on *sādhana* (spiritual practice), *dīkṣā* (initiation), and a ritual framework that views the body as divine, reflecting the union of Shiva and Shakti as the path to liberation.","Tantric philosophy is fundamentally non-dualistic, viewing the universe as a manifestation of the divine. The core concepts are: \n\n*   **Shakti:** The dynamic, creative, feminine principle of the universe, the divine energy or power. It is the active aspect of the Absolute (Shiva).\n*   **Shiva:** The static, pure consciousness, the masculine principle. Liberation is achieved through the union of Shiva and Shakti.\n*   **Kundalini:** The coiled, dormant, divine energy (Shakti) residing at the base of the spine (Muladhara chakra). Its awakening and ascent through the central channel (*Sushumna Nadi*) is the central goal of Tantric practice.\n*   **Chakras:** Energy centers located along the spine, through which the Kundalini Shakti ascends. The process of spiritual transformation involves purifying and activating these centers, leading to the union of Kundalini with Shiva in the crown chakra (*Sahasrara*).\n*   **Mantras:** Sacred sounds, syllables, or phrases that are subtle vibrations used to restructure energetic patterns and invoke specific deities or states of consciousness. They are a key feature of the **Mantramārga** ('Path of Mantra').\n*   **Yantras:** Sacred geometric diagrams that serve as a visual representation of a deity or a cosmic concept. They are used as tools for meditation and to focus the mind and energy.","Tantric practices, collectively known as *sādhana*, are designed for spiritual transformation and liberation *in* the world, not *from* it. They include:\n\n*   **Dīkṣā (Initiation):** The formal process of receiving a mantra and instruction from a qualified guru.\n*   **Pūjā (Ritual Worship):** Elaborate rituals often involving the worship of the Goddess (Shakti) and the use of *yantras* and *maṇḍalas*.\n*   **Mantra Japa:** Repetitive recitation of mantras to purify the mind and invoke divine energy.\n*   **Kundalini Yoga:** A system of practices (including *āsana*, *prāṇāyāma*, *mudrā*, and *bandha*) specifically aimed at awakening the Kundalini Shakti and guiding its ascent through the chakras.\n*   **Dhyāna (Meditation):** Techniques for deep contemplation and realization of the non-dual nature of reality.\n*   **Bhoga (Worldly Enjoyment):** The embrace of worldly life and experiences as a means of spiritual growth, rather than renunciation.","Tantra is not a single monolithic tradition but a collection of diverse schools and lineages, primarily within Hinduism and Buddhism. \n\n*   **Hindu Tantra:** The two main branches are **Shaiva Tantra** (Shaivism) and **Shakta Tantra** (Shaktism). Key schools include **Kashmir Shaivism** (a non-dualistic tradition), **Trika** (a branch of Kashmir Shaivism), and various **Kaula** traditions, which often involve more transgressive practices.\n*   **Buddhist Tantra:** Known as **Vajrayana** ('Diamond Vehicle') or **Mantrayāna**, it is prominent in Indo-Tibetan Buddhism, Chinese Esoteric Buddhism, and Japanese Shingon Buddhism. It uses tantric methods to achieve enlightenment in a single lifetime.\n*   **Vaishnava Tantra:** Traditions like **Pancharatra** and **Vaikhanasa** also incorporate tantric elements, particularly in their temple rituals and *Agama* literature.","Tantra emerged on the Indian subcontinent beginning in the middle of the **1st millennium CE** (c. 500 CE onward), gaining prominence during the Gupta and post-Gupta eras. It arose from a confluence of pre-Vedic, indigenous, and yogic traditions, particularly those focused on the worship of the Great Goddess and Shiva. The texts, known as Agamas and Tantras, were a departure from the orthodox Vedic tradition, offering a path to liberation that was accessible to all castes and both genders. It flourished in regions like **Kashmir**, **Bengal**, and **Assam**, and its influence spread across the Indian subcontinent and into Southeast Asia.","Tantra remains highly relevant today, though its modern interpretation is often bifurcated:\n\n*   **Traditional Relevance:** Tantric principles and practices are integral to modern Yoga, particularly Kundalini Yoga, Hatha Yoga, and various forms of meditation. Temple worship (*Pūjā*) in many Hindu traditions continues to follow Tantric/Agamic guidelines. It offers a path of **inner transformation** and a spiritual worldview that embraces the body and the world as sacred.\n*   **Neo-Tantra:** In the West, a modern interpretation known as 'Neo-Tantra' has gained popularity. This movement often focuses heavily on **sacred sexuality** and personal growth, sometimes divorcing these practices from the broader philosophical and ritual context of traditional Tantra. Scholars emphasize that traditional Tantra's focus is on spiritual transcendence, with sexual practices being rare and highly restricted to initiated adepts.",
"Tantric ritual practices - puja, sadhana, diksha (initiation), panchamakara, and worship methods","Tantric ritual practices - puja, sadhana, diksha (initiation), panchamakara, and worship methods","The foundational texts of the tradition are the **Agamas** and **Tantras**, which are theological treatises and practical manuals for divine worship, often presented as a dialogue between the god Shiva and the goddess Shakti. They provide detailed instructions for rituals, meditation, *mantras*, *mudras*, and temple construction.
*   **Shaiva Agamas:** Approximately 28 main texts (e.g., *Kāmikāgama*, *Suprabhedāgama*), focusing on the worship of Shiva.
*   **Shakta Agamas (Tantras):** Approximately 77 texts, focusing on the worship of the Goddess (Shakti).
*   **Vaishnava Agamas (Pancharatra Samhitas):** Approximately 108 texts, focusing on the worship of Vishnu.
The significance of these texts lies in their establishment of a non-Vedic, yet pervasive, ritual and philosophical framework that has been integrated into all major forms of modern Hinduism.","The philosophical foundation of Tantric ritual is **non-duality** and the assertion that all of material reality is sacred. The primary goal is **transformation *in* the world, via the body**, rather than transcendence of it. Key concepts include:
*   **Shakti:** The unlimited, dynamic, divine feminine power that animates all of creation. The Tantric worldview sees all material reality as a manifestation of Shakti.
*   **Shiva-Shakti Union:** The ultimate reality is the union of the passive, pure consciousness (Shiva) and the active, creative energy (Shakti). Rituals often aim to realize this union within the practitioner's own body.
*   **Kundalini and Chakras:** *Sadhana* focuses on awakening **Kundalini**, the individual's source of Shakti, visualized as a coiled serpent at the base of the spine. Through practices like *pranayama* and *mudra*, this energy is guided up the central channel (*sushumna nadi*) through a network of energy centers (**Chakras**) to achieve liberation.
*   **Transgression (Non-duality):** Tantra challenges conventional distinctions between opposites (pure/impure, sacred/profane), asserting that the divine can be found in the taboo. This concept underlies the most controversial rituals, which aim to shatter ego-led emotions like fear and aversion.","Tantric ritual practices are designed to harness the energy of the cosmos and the body for spiritual transformation.
*   **Sadhana (Spiritual Practice):** The path of practice, encompassing all Tantric disciplines, including Hatha Yoga, breath control (*pranayama*), and complex visualizations, with the ultimate goal of awakening Kundalini.
*   **Puja (Ritual Worship):** A powerful system of worship involving *mantra*, *mudra*, visualization, and offerings. The Tantric *Puja* is highly detailed, often involving a 12-step process that includes **bhutasuddhi** (purification of the elements) and **pranapratistha** (infusing the deity's presence into the object of worship). **Yoni Puja** is a specific ritual to worship Shakti, the Cosmic Mother, using the yoni as a symbol.
*   **Diksha (Initiation):** The essential ritual for entering the Tantric path, where the Guru purifies the disciple, removes mental and spiritual impurities, and transmits the spiritual power (*shakti*) and the *mantra* necessary for *Sadhana*.
*   **Panchamakara (The Five M's):** The five ritual elements: *Madya* (wine), *Mamsa* (meat), *Matsya* (fish), *Mudra* (parched grain/posture), and *Maithuna* (sexual union).
    *   **Vāmācāra (Left-Hand Path):** Interprets the Five M's literally, violating social taboos to achieve spiritual liberation through transgression.
    *   **Dakṣiṇācāra (Right-Hand Path):** Interprets the Five M's symbolically and metaphorically, e.g., *Maithuna* represents the union of the individual soul with the Divine (Shiva-Shakti).","Tantra is not a single tradition but a collection of schools and lineages that have influenced Hinduism, Buddhism, and Jainism.
*   **Shaiva Tantra:** Includes the **Kaula** (Kula) tradition, which emphasizes external practices (*bhoga* or enjoyment) and the use of the *Panchamakara*. The **Trika** system (e.g., Pratyabhijna school) of Kashmir Shaivism is a major philosophical lineage emphasizing the recognition of the self as Shiva. The **Aghoris** are a contemporary sect that continues the transgressive practices of the Left-Hand Path.
*   **Shakta Tantra:** Primarily focuses on the worship of the Goddess (Shakti). The **Shri Vidya** tradition is a major Shakta sect that uses the *Sri Yantra* and emphasizes the symbolic **Dakṣiṇācāra** path.
*   **Buddhist Tantra:** Known as **Vajrayana** (""Path of the Thunderbolt""), it flourished in Eastern India and was transmitted to the Himalayas by figures like the **Mahasiddhas**.
*   **Classification by Practice:** Lineages are sometimes classified as **Kaula** (external rituals), **Mishra** (mixed), and **Samaya** (purely internal, focusing on meditation).","Tantra emerged as a distinct esoteric yogic tradition on the Indian subcontinent around the **6th century CE**, developing initially within **Shaivism** and **Shaktism** during the Gupta and post-Gupta periods. It arose as a response to the changing spiritual landscape and a challenge to the more orthodox, ritualistic, and caste-bound Vedic traditions. Its appeal lay in its promise of power (*siddhi*) and liberation (*moksha*) achievable in a single lifetime, and its inclusive nature, which offered initiation (**Diksha**) to people from all social backgrounds, including women and the socially marginalized. The development of Tantra coincided with the rise of new kingdoms in medieval India, where rulers were often drawn to its promise of political and military power, incorporating Tantric deities as guardians in public temples. Tantra later spread and influenced **Buddhism** (as **Vajrayana**) and **Jainism**.","The contemporary relevance of Tantric ritual practices is multifaceted, with distinct manifestations in India and the West. In India, traditional lineages continue to practice *sadhana* and *puja* as core methods for spiritual transformation, with sects like the **Aghoris** maintaining the transgressive, literal interpretation of practices like the *Panchamakara*. In the West, Tantra has been largely reinterpreted as **Neo-Tantra**, which focuses on the symbolic and psychological aspects of the rituals. This Western form emphasizes meditation, movement, and visualization, often incorporating *puja* rituals (like *Yoni Puja*) to honor the divine feminine and masculine, frequently with a focus on sexual energy and intimacy as a path to spiritual union. The symbolic interpretation of the *Panchamakara* (the **Dakṣiṇācāra** path) is the dominant form in contemporary, mainstream practice. The role of **Diksha** remains central in traditional and many modern lineages as the necessary gateway to authentic *Sadhana*, signifying the transfer of spiritual power and knowledge from the Guru to the disciple, and is viewed as a process of spiritual purification and awakening. Tantra also influenced 20th-century movements, including the **Neo-Tantra** art movement and the counter-cultural movements of the 1960s and 70s, where it was often associated with ""free love"" and challenging social norms.",
"Major Tantra and Agama texts - Kularnava Tantra, Mahanirvana Tantra, Kamika Agama, and other foundational works","Major Tantra and Agama texts: Kularnava Tantra, Mahanirvana Tantra, and Kamika Agama","The major texts of the Tantra and Agama traditions are vast, but the three specified texts are foundational to their respective schools:

*   ***Kularnava Tantra* (The Ocean of Kula):**
    *   **Significance:** It is the most important and authoritative text of the **Kaula** school, a non-dualistic tradition within Shaktism and Shaivism [4]. It is framed as a dialogue between Shiva and Parvati.
    *   **Content:** It provides a comprehensive guide to the Kaula path, including the importance of the Guru, the process of initiation (*diksha*), the **Panchamakara** (five Ms) ritual (often interpreted symbolically), and the philosophical justification for using worldly enjoyment (*bhoga*) as a means to liberation (*moksha*) [4]. It famously states, ""As one falls on the ground, one must rise with the help of the ground,"" justifying the use of forbidden substances for spiritual purification (*Chitta-shodhana-sadhana*) [4].
*   ***Mahanirvana Tantra* (The Tantra of the Great Liberation):**
    *   **Significance:** A highly influential text, particularly in Bengal, known for its systematic presentation of Tantric philosophy and its attempt to create a more socially acceptable Tantric code [2]. It is often cited as the *Shastra* for the *Kaliyuga* (the current age) [2].
    *   **Content:** It details the creation and destruction of the universe, the nature of the Supreme Being (often identified as **Brahman** in a non-dualistic sense), and the mode of liberation [2]. It contains detailed instructions on rituals, including *puja* (worship), the use of *yantras* and *mantras*, and a clear exposition of the **Chakra and Kundalini** system [2]. It also includes a unique set of social and ethical injunctions, including a form of marriage (*Shiva-Shakti Vivaha*) and a more liberal approach to caste [2].
*   ***Kamika Agama* (The Desired Agama):**
    *   **Significance:** It is considered one of the *Mula Agamas* (root Agamas) and is a foundational scripture for the **Shaiva Siddhanta** tradition, particularly in South India [3].
    *   **Content:** The *Kamika Agama* is a primary source for the practical aspects of Shaiva worship. It provides exhaustive details on **temple construction** (*kriya*), the installation of deities (*murti sthapana*), the conduct of daily and special temple rituals (*charya*), and the philosophical tenets of Shaiva Siddhanta [3]. It is a manual for the entire life cycle of a temple and its community [3].

| Text | Primary Focus |
| :--- | :--- |
| **Kularnava Tantra** | Kaula philosophy, Guru-disciple relationship, ritual use of *Panchamakara*. |
| **Mahanirvana Tantra** | Systematic Tantric philosophy, Kundalini Yoga, social and ethical code for *Kaliyuga*. |
| **Kamika Agama** | Shaiva Siddhanta temple architecture, deity installation, and ritual worship. |","The core philosophical concepts of the Tantras and Agamas revolve around the dynamic interplay between the masculine and feminine divine principles, **Shiva** (Consciousness/Static) and **Shakti** (Energy/Dynamic) [1]. The ultimate reality is often viewed as a non-dual unity (*Advaita*), where the phenomenal world is not an illusion but a manifestation of this divine energy [1].

*   **Shiva-Shakti Union:** The cosmos is a result of the union of Shiva and Shakti. Liberation (*moksha*) is achieved by realizing this non-dual nature within oneself [2].
*   **Microcosm-Macrocosm:** The human body is considered a microcosm (*pinda*) of the macrocosm (*brahmanda*). All cosmic forces and deities reside within the body, making the body a sacred site for spiritual practice [1].
*   **Kundalini:** The latent divine energy (Shakti) coiled at the base of the spine (*Muladhara Chakra*). The goal of Tantric practice is to awaken this energy and guide it upward through the central channel (*Sushumna Nadi*) to unite with Shiva in the crown chakra (*Sahasrara*), leading to spiritual liberation [2].
*   **Tattva:** The principles of reality. The *Kamika Agama*, a foundational text of **Shaiva Siddhanta**, details the 36 *tattvas* (principles of existence) that constitute the universe, from pure consciousness to the gross elements [3].
*   **Kaula Philosophy (*Kularnava Tantra*):** The *Kularnava Tantra* is the foremost text of the Kaula school, which emphasizes the non-dualistic realization of the divine within the world. It famously advocates for the use of the very things that can cause a person's downfall (*bhoga*) as a means to liberation (*moksha*), a concept known as *Chitta-shodhana-sadhana* (purification of the mind) [4].

| Text | Core Philosophical Concept |
| :--- | :--- |
| **Kularnava Tantra** | **Kaula Marga** (Path of the Family/Clan), non-dualism, use of *bhoga* (enjoyment) for *moksha* (liberation). |
| **Mahanirvana Tantra** | **Shakti-centric Advaita** (non-dualism), detailed exposition of the **Chakra and Kundalini** system, and a focus on social ethics. |
| **Kamika Agama** | **Shaiva Siddhanta** philosophy, 36 *tattvas*, and the importance of *diksha* (initiation) for liberation. |","Tantric and Agamic practices are collectively known as **Sadhana** and are characterized by a focus on ritual, mantra, and the body as a vehicle for spiritual transformation [1].

*   **Diksha (Initiation):** This is the essential prerequisite for all Tantric and Agamic practice. It is the formal transmission of power and knowledge from the Guru to the disciple, which is believed to purify the disciple and make them fit for the path [3]. The *Kamika Agama* emphasizes *diksha* as necessary for self-salvation [3].
*   **Pūjā (Worship):** Tantric *pūjā* is often more elaborate and esoteric than Vedic worship, involving the use of *yantras* (mystical diagrams), *maṇḍalas* (cosmic diagrams), and specific *mudrās* (hand gestures) [1]. The *Mahanirvana Tantra* provides detailed instructions for the worship of the Goddess (Devi) [2].
*   **Mantra and Yantra:** The use of **Mantra** (sacred sound) and **Yantra** (sacred geometry) is central to the Mantramārga (Path of Mantra) [1]. Mantras are used for divine self-creation and to invoke the deity, while yantras serve as a dwelling place for the deity and a focus for meditation [1].
*   **Kundalini Yoga:** Practices aimed at awakening the **Kuṇḍalinī** energy, including specific *āsanas* (postures), *prāṇāyāma* (breath control), and *bandhas* (locks), are detailed in texts like the *Mahanirvana Tantra* [2].
*   **Kaula Rituals (*Kularnava Tantra*):** The *Kularnava Tantra* is known for its discussion of the **Panchamakara** (five Ms: *madya* - wine, *māṃsa* - meat, *matsya* - fish, *mudrā* - parched grain, and *maithuna* - ritual intercourse) [4]. These practices are often performed in a ritual circle (*chakra pūjā*) and are typically interpreted symbolically by non-Vāmācāra (left-hand path) schools, where the substances represent internal states or processes [4]. The text stresses that the goal is *Chitta-shodhana-sadhana* (purification of the mind) [4].
*   **Temple Rites (*Kamika Agama*):** The *Kamika Agama* focuses on *charya* (conduct) and *kriya* (action), which include the daily and occasional rites performed in a Shiva temple, ensuring the proper maintenance and worship of the deity and the temple structure [3].

| Text | Key Ritual/Practice |
| :--- | :--- |
| **Kularnava Tantra** | *Chakra Pūjā*, *Panchamakara* (often symbolic), *Diksha*. |
| **Mahanirvana Tantra** | *Devi Pūjā*, Kundalini and Chakra meditation, *Shiva-Shakti Vivaha* (ritual marriage). |
| **Kamika Agama** | Temple construction (*Kriya*), Deity installation, daily temple *Pūjā* (*Charya*). |","The texts under review are foundational to specific schools and lineages within the broader Hindu Tantric and Agamic traditions, which are primarily divided into Shaiva (Shiva-centric) and Shakta (Shakti-centric) streams [1].

*   **Kaula School (*Kularnava Tantra*):** The *Kularnava Tantra* is the definitive text of the **Kaula Marga** (Path of Kula), a highly influential, non-dualistic school within Shaktism and Shaivism [4]. The Kaula tradition is characterized by its radical approach to ritual, often involving the *Panchamakara*, and its emphasis on the direct, experiential realization of the divine [4]. The Kaula lineage is often associated with the **Kashmir Shaivism** tradition, which is also non-dualistic [1].
*   **Shaiva Siddhanta (*Kamika Agama*):** The *Kamika Agama* is a primary scripture for the **Shaiva Siddhanta** school, which is a major, historically influential, and largely dualistic or pluralistic tradition of Shaivism, particularly strong in South India [3]. This school is temple-centric, emphasizing *charya* (conduct), *kriya* (ritual), and *jnana* (knowledge) as the path to liberation [3]. The lineage is maintained through a succession of *Acharyas* (teachers) and the performance of *diksha* (initiation) [3].
*   **Bengal Shaktism (*Mahanirvana Tantra*):** The *Mahanirvana Tantra* is a key text for the Shakta traditions of Bengal, which are centered on the worship of the Goddess **Kali** [2]. This lineage is known for its systematic and philosophical approach to Tantra, attempting to integrate it with a non-dualistic Vedanta philosophy [2]. The text's influence is seen in the practices of various *Sampradayas* (traditions) that worship the Goddess as the Supreme Reality [2].

| Text | Associated School/Lineage | Primary Focus |
| :--- | :--- | :--- |
| **Kularnava Tantra** | **Kaula Marga** (often linked to Kashmir Shaivism) | Non-dualistic, radical ritualism. |
| **Mahanirvana Tantra** | **Bengal Shaktism** (Kali-centric) | Systematic philosophy, social ethics. |
| **Kamika Agama** | **Shaiva Siddhanta** | Temple-centric, ritual and architectural guidelines. |","The Tantra and Agama traditions emerged on the Indian subcontinent beginning in the middle of the **1st millennium CE** [1]. They represent a distinct stream of esoteric, yogic, and ritualistic traditions that developed alongside, and often in dialogue with, the Vedic tradition [5].

*   **Agamas (c. 5th century CE onwards):** The term *Agama* refers to a body of scriptures considered to be the word of Shiva, Vishnu, or Shakti. The **Shaiva Agamas**, such as the *Kamika Agama*, are generally considered to be among the earliest, likely existing by the 5th century CE [3]. They are foundational to the **Shaiva Siddhanta** school and primarily deal with temple construction (*kriya*), rituals (*charya*), and theology (*jnana*) [3]. The *Kamika Agama* itself is an ancient Śaiva Āgama scripture, with some scholars dating its core content to at least the 5th century CE [6].
*   **Tantras (c. 7th to 14th centuries CE):** The term *Tantra* is often used synonymously with *Agama* but generally refers to texts that focus more on *sadhana* (spiritual practice) and esoteric rituals [1]. The tradition flourished in the medieval period, influencing both Hinduism (Shaivism, Shaktism, Vaishnavism) and Buddhism (Vajrayana) [1].
*   ***Kularnava Tantra* (c. 10th–14th century CE):** This text is a key scripture of the **Kaula** tradition, a sub-school of Shaktism and Shaivism. Its composition is generally placed in the medieval period, and it is considered one of the most authoritative texts on the Kaula path [4].
*   ***Mahanirvana Tantra* (Later Text):** The *Mahanirvana Tantra* is generally considered a later text, possibly composed in the 18th or 19th century, or at least heavily redacted during that time [2]. It is a highly influential text, particularly in Bengal, and is known for its systematic presentation of Tantric philosophy and its attempt to reconcile Tantra with a more orthodox social and ethical framework [2].

The relationship between the Tantric/Agamic and Vedic traditions is complex. While some scholars view them as two separate streams, the traditions themselves often claim a Vedic basis, with texts like the *Kularnava Tantra* stating that the Tantra is the *Shastra* (scripture) for the current age (*Kaliyuga*) [5]. The Agamas, in particular, are considered by their followers to be as authoritative as the Vedas [5].

| Text | Estimated Period/Context |
| :--- | :--- |
| **Kamika Agama** | c. 5th century CE; foundational text of Shaiva Siddhanta. |
| **Kularnava Tantra** | c. 10th–14th century CE; key text of the Kaula school. |
| **Mahanirvana Tantra** | c. 18th–19th century CE (or later redaction); influential text in Bengal Shaktism. |","The philosophical and ritualistic traditions of the Tantras and Agamas continue to influence modern Hinduism, particularly in the practices of **Shaktism** and **Shaivism** [1]. The emphasis on the **divine feminine (Shakti)** and the **immanence of the divine** within the human body and the world has resonated with contemporary spiritual movements [1]. The concepts of **Kundalini Yoga** and the **Chakra system**, which are deeply rooted in Tantric texts like the *Mahanirvana Tantra*, have been widely adopted in global yoga and wellness practices, often in a secularized or simplified form [1]. The *Mahanirvana Tantra*'s focus on social and ethical duties, including a more liberal view on caste and the importance of the guru, remains a relevant ethical framework for modern practitioners [2]. Furthermore, the architectural and ritual guidelines of the *Kamika Agama* are still the foundation for the construction and worship in many South Indian Shiva temples, ensuring the continuity of the **Shaiva Siddhanta** tradition [3]. The Western Neo-Tantra movement, while often criticized for its focus on sexual practices, is a modern, albeit controversial, interpretation of Tantric principles [1].

| Text | Contemporary Influence |
| :--- | :--- |
| **Kularnava Tantra** | Continues to be the primary scriptural authority for the Kaula tradition; its non-dualistic philosophy influences modern non-dual schools. |
| **Mahanirvana Tantra** | Major source for modern Kundalini and Chakra practices; its ethical and social code is studied for a liberal Tantric perspective. |
| **Kamika Agama** | The foundational text for temple construction and daily worship in the Shaiva Siddhanta tradition, maintaining the integrity of temple rituals. |",
"Historical development of Tantra and Agamas - origins, medieval systematization, regional variations, and modern interpretations","Historical development of Tantra and Agamas - origins, medieval systematization, regional variations, and modern interpretations","The literature of Tantra and Agamas is vast and forms the canonical texts for the Shaiva, Shakta, and Vaishnava traditions, often superseding the Vedas in ritual practice.

*   **Shaiva Agamas:** Traditionally 28 in number, they are the scriptural basis for Shaiva Siddhanta and other Shaiva schools. They are divided into four sections (*padas*): *Jnana* (knowledge), *Yoga* (practice), *Kriya* (temple building and rituals), and *Charya* (conduct).
*   **Shakta Tantras:** Traditionally 64 in number, these texts focus on the worship of the Divine Feminine (*Shakti*). The term ""Tantra"" is most commonly associated with this body of literature. Significant texts include the *Mahanirvana Tantra* and the *Kularnava Tantra*.
*   **Vaishnava Agamas:** These are primarily the **Pancharatra Samhitas** (108 texts) and the **Vaikhanasa Samhitas**. They focus on the worship of Vishnu and his forms, temple construction, and ritual.
*   **Kashmir Shaivism Texts:** Key texts include the **Malinivijayottara Tantra** and the **Vijnana Bhairava Tantra** (a dialogue between Shiva and Shakti on 112 methods of meditation). The **Tantraloka** by the 10th-century philosopher Abhinavagupta is a monumental and systematic exposition of the entire Tantric system.

The significance of these texts lies in their practical, ritualistic, and philosophical content, which provides a complete system for spiritual realization that is accessible to all, regardless of caste or gender, a radical departure from the earlier Vedic orthodoxy.","The core philosophical concepts of Tantra and Agamas revolve around the central idea of **Shakti** (the Divine Feminine, the creative power) and its inseparable union with **Shiva** (the Divine Masculine, pure consciousness). This non-dualistic reality, often termed **Advaita** (monism) in schools like Kashmir Shaivism, posits that the entire universe is a manifestation of this divine consciousness. Key concepts include:

*   **Microcosm-Macrocosm Principle:** The belief that the human body (*pinda*) is a miniature replica of the cosmos (*brahmanda*). Liberation is achieved by realizing the divine within the body.
*   **Subtle Body (*Sūkṣma Śarīra*):** The understanding of the body as a network of energetic channels (*Nadis*), psychic centers (*Chakras*), and the latent spiritual energy (*Kundalini*) coiled at the base of the spine.
*   **Moksha and Bhoga:** Tantra uniquely seeks to achieve both **liberation** (*Moksha*) and **enjoyment** (*Bhoga*) in this life, rejecting the ascetic notion that the world must be renounced. The world is seen as a field for spiritual practice, not an obstacle.
*   **Non-Dualism (*Advaita*):** While some Agamas are dualistic (Dvaita), the most influential Tantric schools, such as Kashmir Shaivism, are monistic, asserting the absolute oneness of the individual soul (*Atman*) and the Ultimate Reality (*Brahman* or *Shiva*).","Tantric and Agamic practices are highly systematic and aim for the direct experience of the divine within the body and the world. The practices are categorized into four stages: *Charya* (external conduct), *Kriya* (external ritual), *Yoga* (internal discipline), and *Jnana* (knowledge).

*   **Mantra and Yantra:** The repetition of sacred syllables (*Mantras*) and the use of geometric diagrams (*Yantras*) are fundamental. Mantras are believed to be the sound-body of the deity, and Yantras are visual tools for meditation and invocation.
*   **Ritual Worship (*Puja*):** Agamic traditions are the foundation of temple worship, which involves elaborate rituals for the invocation, bathing, dressing, and feeding of the deity image (*Murti*).
*   **Yoga and Subtle Body Practices:** This includes *Hatha Yoga* (physical postures), *Pranayama* (breath control), and the practice of awakening the **Kundalini** energy and guiding it through the *Chakras* to achieve union with Shiva at the crown.
*   **Transgressive Practices (*Vamachara*):** Certain schools, such as the *Kaula* tradition, engaged in practices that deliberately transgressed social norms (e.g., the use of the five *M*s: *madya* (wine), *mamsa* (meat), *matsya* (fish), *mudra* (parched grain), and *maithuna* (ritual intercourse)) to achieve a non-dual state by confronting and transcending conventional purity and impurity. These practices are highly esoteric and often symbolic.","Tantra and Agamas are not a single monolithic tradition but a collection of diverse schools and lineages that developed across the Indian subcontinent.

*   **Shaiva Traditions:**
    *   **Shaiva Siddhanta:** A dualistic (Dvaita) tradition prominent in South India, which forms the basis of temple ritual and philosophy.
    *   **Kashmir Shaivism:** A highly influential non-dualistic (Advaita) tradition that flourished in Kashmir, emphasizing the spontaneous recognition (*Pratyabhijna*) of one's own divine nature as Shiva.
    *   **Pashupatas and Kapalikas:** Early, often ascetic and transgressive, Shaiva sects that played a significant role in the early development of Tantra.
*   **Shakta Traditions:** These traditions focus on the worship of the Goddess (*Devi* or *Shakti*).
    *   **Sri Kula:** Centered on the worship of the beautiful goddess Tripura Sundari, often associated with the *Sri Yantra*.
    *   **Kali Kula:** Centered on the worship of the fierce goddess Kali, often associated with the *Kaula* or *Vamachara* (Left-Hand Path) practices.
*   **Vaishnava Traditions:**
    *   **Pancharatra:** The primary Agamic tradition for Vaishnavism, focusing on the worship of Vishnu and his *vyuhas* (emanations).
    *   **Vaikhanasa:** Another Vaishnava tradition, primarily focused on temple ritual and worship.
*   **Buddhist Vajrayana:** Tantra also spread into Buddhism, forming the basis of Vajrayana (the Diamond Vehicle), which is the dominant form of Buddhism in Tibet.","Tantra and Agamas emerged as distinct traditions in **early medieval India**, roughly between the 5th and 9th centuries CE, though their roots can be traced to earlier ""proto-Tantric"" elements in the Vedas, Upanishads, and indigenous, non-Vedic traditions.

*   **Origins (Pre-5th Century CE):** Proto-Tantric elements included the focus on the body, energy work (*prana*), and the rise of the Mother Goddess cults. The *Atharvaveda* and certain Upanishads contain early references to *Nadis* and *Chakras*.
*   **Medieval Systematization (6th–13th Centuries CE):** This period saw the formalization of the traditions and the composition of the vast body of Tantra and Agama literature. This systematization occurred primarily in three major streams: **Shaiva** (e.g., Kashmir Shaivism), **Shakta** (focused on the Goddess), and **Vaishnava** (Pancharatra and Vaikhanasa Agamas). The traditions were characterized by a rejection of the strict Brahmanical ritualism and caste-based authority, emphasizing direct, embodied spiritual experience.
*   **Regional Variations:** Key centers of development included **Kashmir** (home to the non-dualistic Kashmir Shaivism), **Bengal** and **Assam** (strongholds of Shaktism and the *Kaula* tradition), and **South India** (where the Shaiva Siddhanta and Vaishnava Agamas became the foundation for temple culture).
*   **Modern Interpretations:** Following the decline of many esoteric schools, the traditions were often misunderstood or condemned. The 20th century saw a resurgence, particularly in the West, leading to both scholarly rediscovery and popular, often sensationalized, interpretations.","The contemporary relevance of Tantra and Agamas is multifaceted, extending far beyond their traditional religious contexts. In modern Hinduism, the Agamas remain the **living blueprint** for temple construction, ritual worship (*puja*), and the consecration of deities in the Shaiva, Vaishnava, and Shakta traditions. The philosophical and practical elements of Tantra have profoundly influenced **modern Yoga**, with concepts like *Chakras*, *Kundalini*, and *Nadis* becoming central to global wellness and spiritual movements. However, this modern interpretation is often a **Westernized and secularized** version, frequently misrepresenting or reducing the complex tradition to a focus on sexuality or self-help, a phenomenon sometimes referred to as ""Neo-Tantra."" Authentic lineages, particularly in Kashmir Shaivism and Shaktism, continue to emphasize inner transformation, non-dual realization, and the integration of the material and spiritual worlds, offering a holistic path that remains deeply relevant in a fragmented modern society.",
